Mycobacterium_Cluster_2	Mycobacterium_terrae_Mycobacterium_arupense_Mycobacterium_nonchromogenicum_Mycobacterium_algericum_Mycobacterium_sinense
Mesorhizobium_Cluster_1	Mesorhizobium_tamadayense_Mesorhizobium_opportunistum_Mesorhizobium_genosp_Mesorhizobium_olivaresii_Mesorhizobium_hawassense
Streptacidiphilus_Cluster_1	Streptacidiphilus_sp_Streptacidiphilus_albus_Streptacidiphilus_durhamensis_Streptacidiphilus_neutrinimicus_Streptacidiphilus_hamsterleyensis
Bacillus_Cluster_1	Bacillus_sonorensis_Bacillus_phage_Bacillus_licheniformis_Bacillus_aerius_Bacillus_paralicheniformis_Bacillus_freudenreichii
Pseudomonas_Cluster_2	Pseudomonas_synxantha_Pseudomonas_reactans_Pseudomonas_cedrina_Pseudomonas_azotoformans_Pseudomonas_lactis
Sphingopyxis_Cluster_1	Sphingopyxis_soli_Sphingopyxis_alaskensis_Sphingopyxis_chilensis_Sphingopyxis_macrogoltabida_Sphingopyxis_granuli
Mycobacterium_Cluster_4	Mycobacterium_intracellulare_Mycobacterium_colombiense_Mycobacterium_bouchedurhonense_Mycobacterium_yongonense
Micrococcus_Cluster_1	Micrococcus_thailandicus_Micrococcus_sp_Micrococcus_antarcticus_Micrococcus_yunnanensis_Micrococcus_luteus_Micrococcus_aloeverae
Streptomyces_Cluster_7	Streptomyces_subrutilus_Streptomyces_vinaceus_Streptomyces_spororaveus_Streptomyces_cirratus_Streptomyces_avidinii
Acetobacter_Cluster_1	Acetobacter_sp_Acetobacter_cibinongensis_Acetobacter_pomorum_Acetobacter_tropicalis_Acetobacter_senegalensis
Caldicellulosiruptor_Cluster_1	Caldicellulosiruptor_saccharolyticus_Caldicellulosiruptor_hydrothermalis_Caldicellulosiruptor_kronotskyensis
Streptomyces_Cluster_19	Streptomyces_pseudogriseolus_Streptomyces_griseoloalbus_Streptomyces_gancidicus_Streptomyces_cellulosae_Streptomyces_capillispiralis_Streptomyces_malachiticus
Streptomyces_Cluster_18	Streptomyces_drozdowiczii_Streptomyces_beijiangensis_Streptomyces_brevispora_Streptomyces_laculatispora
Bordetella_Cluster_1	Bordetella_parapertussis_Bordetella_genomosp_Bordetella_bronchialis_Bordetella_bronchiseptica_Bordetella_pertussis
Mycobacterium_Cluster_1	Mycobacterium_tuberculosis_Mycobacterium_pinnipedii_Mycobacterium_microti_Mycobacterium_canettii_Mycobacterium_bovis_Mycobacterium_africanum
Streptomyces_Cluster_15	Streptomyces_werraensis_Streptomyces_olivoverticillatus_Streptomyces_hiroshimensis_Streptomyces_cinnamoneus_Streptomyces_abikoensis
Gluconacetobacter_Cluster_1	Gluconacetobacter_sucrofermentans_Gluconacetobacter_oboediens_Gluconacetobacter_hansenii_Gluconacetobacter_europaeus
Streptomyces_Cluster_27	Streptomyces_thermoluteus_Streptomyces_griseorubens_Streptomyces_albogriseolus_Streptomyces_viridodiastaticus
Bartonella_Cluster_1	Bartonella_rattaustraliani_Bartonella_vinsonii_Bartonella_queenslandensis_Bartonella_henselae_Bartonella_grahamii_Bartonella_doshiae
Streptomyces_Cluster_20	Streptomyces_propurpuratus_Streptomyces_albospinus_Streptomyces_kasugaspinus_Streptomyces_ahygroscopicus_Streptomyces_lunalinharesii_Streptomyces_mycarofaciens
Streptomyces_Cluster_5	Streptomyces_stelliscabiei_Streptomyces_scabiei_Streptomyces_europaeiscabiei_Streptomyces_bottropensis
Streptomyces_Cluster_24	Streptomyces_prasinopilosus_Streptomyces_griseofuscus_Streptomyces_atroolivaceus_Streptomyces_costaricanus_Streptomyces_misionensis_Streptomyces_padanus
Streptomyces_Cluster_1	Streptomyces_paresii_Streptomyces_microflavus_Streptomyces_luridiscabiei_Streptomyces_globosus_Streptomyces_fulvissimus_Streptomyces_flaveus_Streptomyces_acidoresistans
Pseudomonas_Cluster_5	Pseudomonas_fluorescens_Pseudomonas_protegens_Pseudomonas_veronii_Pseudomonas_simiae_Pseudomonas_antarctica_Pseudomonas_poae_Pseudomonas_brenneri_Pseudomonas_libanensis_Pseudomonas_gessardii_Pseudomonas_tolaasii
Streptomyces_Cluster_25	Streptomyces_novaecaesareae_Streptomyces_echinatus_Streptomyces_fumigatiscleroticus_Streptomyces_poonensis
Stenotrophomonas_Cluster_1	Stenotrophomonas_sp_Stenotrophomonas_pavanii_Stenotrophomonas_maltophilia_Stenotrophomonas_geniculata
Streptomyces_Cluster_8	Streptomyces_viridochromogenes_Streptomyces_africanus_Streptomyces_afghaniensis_Streptomyces_viridis_Streptomyces_bellus_Streptomyces_stramineus_Streptomyces_coeruleofuscus_Streptomyces_azureus_Streptomyces_caelestis_Streptomyces_coeruleorubidus
Microbacterium_Cluster_1	Microbacterium_pygmaeum_Microbacterium_lacus_Microbacterium_aurum_Microbacterium_ginsengisoli_Microbacterium_pumilum
Mycobacterium_Cluster_3	Mycobacterium_rhodesiae_Mycobacterium_aromaticivorans_Mycobacterium_neglectum_Mycobacterium_vaccae_Mycobacterium_austroafricanum
Staphylococcus_Cluster_1	Staphylococcus_saccharolyticus_Staphylococcus_epidermidis_Staphylococcus_capitis_Staphylococcus_caprae
Streptomyces_Cluster_2	Streptomyces_venezuelae_Streptomyces_tanashiensis_Streptomyces_rubiginosohelvolus_Streptomyces_pratensis_Streptomyces_pluricolorescens_Streptomyces_albovinaceus
Thalassospira_Cluster_1	Thalassospira_sp_Thalassospira_profundimaris_Thalassospira_povalilytica_Thalassospira_lucentensis_Thalassospira_lohafexi_Thalassospira_tepidiphila
Bacillus_Cluster_4	Bacillus_mycoides_Bacillus_thuringiensis_Bacillus_pseudomycoides_Bacillus_bombysepticus_Bacillus_cereus_Bacillus_toyonensis
Curtobacterium_Cluster_1	Curtobacterium_luteum_Curtobacterium_MG-2011-144-FD_Curtobacterium_luteum_Curtobacterium_MG-2011-144-FD
Streptomyces_Cluster_16	Streptomyces_cyanogenus_Streptomyces_tricolor_Streptomyces_humiferus_Streptomyces_anthocyanicus_Streptomyces_cyanocolor
Streptomyces_Cluster_13	Streptomyces_verne_Streptomyces_cinereorectus_Streptomyces_argenteolus_Streptomyces_flavogriseus_Streptomyces_halstedii
Brachyspira_Cluster_1	Brachyspira_sp_Brachyspira_murdochii_Brachyspira_intermedia_Brachyspira_innocens_Brachyspira_hyodysenteriae
Bacillus_Cluster_3	Bacillus_velezensis_Bacillus_amyloliquefaciens_Bacillus_vallismortis_Bacillus_siamensis_Bacillus_mojavensis_Bacillus_halotolerans
Acinetobacter_Cluster_1	Acinetobacter_rhizosphaerae_Acinetobacter_genomosp_Acinetobacter_nosocomialis_Acinetobacter_pittii_Acinetobacter_calcoaceticus_Acinetobacter_lactucae_Acinetobacter_oleivorans
Nocardia_Cluster_1	Nocardia_transvalensis_Nocardia_otitidiscaviarum_Nocardia_farcinica_Nocardia_terpenica_Nocardia_wallacei
Streptomyces_Cluster_14	Streptomyces_bobili_Streptomyces_galilaeus_Streptomyces_chartreusis_Streptomyces_hawaiiensis_Streptomyces_arenae
Streptomyces_Cluster_4	Streptomyces_tsusimaensis_Streptomyces_roseoviolaceus_Streptomyces_cavourensis_Streptomyces_bacillaris_Streptomyces_albolongus
Xanthomonas_Cluster_2	Xanthomonas_phaseoli_Xanthomonas_perforans_Xanthomonas_euvesicatoria_Xanthomonas_citri_Xanthomonas_axonopodis_Xanthomonas_alfalfae_Xanthomonas_fuscans
Streptomyces_Cluster_6	Streptomyces_panayensis_Streptomyces_cinereospinus_Streptomyces_olivaceoviridis_Streptomyces_fimbriatus_Streptomyces_achromogenes_Streptomyces_rameus_Streptomyces_lanatus_Streptomyces_roseogriseus_Streptomyces_griseoruber_Streptomyces_galbus_Streptomyces_cinnabarinus_Streptomyces_cellostaticus
Pseudomonas_Cluster_4	Pseudomonas_putida_Pseudomonas_plecoglossicida_Pseudomonas_monteilii_Pseudomonas_cf_Pseudomonas_taiwanensis_Pseudomonas_mosselii_Pseudomonas_entomophila
Pseudomonas_Cluster_3	Pseudomonas_fulva_Pseudomonas_argentinensis_Pseudomonas_flavescens_Pseudomonas_parafulva_Pseudomonas_cremoricolorata
Pseudomonas_Cluster_6	Pseudomonas_syringae_Pseudomonas_savastanoi_Pseudomonas_congelans_Pseudomonas_meliae_Pseudomonas_amygdali_Pseudomonas_tremae
Yersinia_Cluster_1	Yersinia_mollaretii_Yersinia_frederiksenii_Yersinia_bercovieri_Yersinia_sp_Yersinia_kristensenii_Yersinia_intermedia_Yersinia_aldovae
Achromobacter_Cluster_1	Achromobacter_xylosoxidans_Achromobacter_denitrificans_Achromobacter_insolitus_Achromobacter_animicus
Pseudomonas_Cluster_1	Pseudomonas_thivervalensis_Pseudomonas_kilonensis_Pseudomonas_asturiensis_Pseudomonas_corrugata_Pseudomonas_brassicacearum
Bacillus_Cluster_2	Bacillus_thioparans_Bacillus_subterraneus_Bacillus_selenatarsenatis_Bacillus_jeotgali_Bacillus_boroniphilus
Geobacillus_Cluster_1	Geobacillus_thermoparaffinivorans_Geobacillus_kaustophilus_Geobacillus_stearothermophilus_Geobacillus_sp_Geobacillus_thermoleovorans
Parageobacillus_Cluster_1	Parageobacillus_thermoglucosidasius_Parageobacillus_caldoxylosilyticus_Parageobacillus_thermoglucosidans
Xanthomonas_Cluster_1	Xanthomonas_vesicatoria_Xanthomonas_vasicola_Xanthomonas_pisi_Xanthomonas_oryzae_Xanthomonas_melonis_Xanthomonas_albilineans_Xanthomonas_hortorum_Xanthomonas_dyei_Xanthomonas_cynarae_Xanthomonas_campestris_Xanthomonas_arboricola_Xanthomonas_cucurbitae
Streptomyces_Cluster_17	Streptomyces_thermovulgaris_Streptomyces_niveoruber_Streptomyces_griseoviridis_Streptomyces_graminisoli_Streptomyces_ginsengisoli_Streptomyces_jiujiangensis
Burkholderia_Cluster_1	Burkholderia_vietnamiensis_Burkholderia_cepacia_Burkholderia_cenocepacia_Burkholderia_anthina_Burkholderia_latens
Erythrobacter_Cluster_1	Erythrobacter_sp_Erythrobacter_nanhaisediminis_Erythrobacter_litoralis_Erythrobacter_longus_Erythrobacter_aquimaris
Brucella_Cluster_1	Brucella_suis_Brucella_ovis_Brucella_ceti_Brucella_melitensis_Brucella_microti_Brucella_canis_Brucella_neotomae
Enterobacter_Cluster_1	Enterobacter_hormaechei_Enterobacter_cowanii_Enterobacter_cancerogenus_Enterobacter_aerogenes_Enterobacter_asburiae_Enterobacter_xiangfangensis
Pseudoalteromonas_Cluster_1	Pseudoalteromonas_maricaloris_Pseudoalteromonas_piscicida_Pseudoalteromonas_flavipulchra_Pseudoalteromonas_peptidolytica
Streptomyces_Cluster_21	Streptomyces_rimosus_Streptomyces_chrestomyceticus_Streptomyces_albofaciens_Streptomyces_ochraceiscleroticus
Rhodanobacter_Cluster_1	Rhodanobacter_denitrificans_Rhodanobacter_thiooxydans_Rhodanobacter_terrae_Rhodanobacter_fulvus_Rhodanobacter_glycinis_Rhodanobacter_soli
Aeromonas_Cluster_3	Aeromonas_popoffii_Aeromonas_bivalvium_Aeromonas_salmonicida_Aeromonas_molluscorum_Aeromonas_bestiarum
Ectothiorhodospira_Cluster_1	Ectothiorhodospira_sp_Ectothiorhodospira_haloalkaliphila_Ectothiorhodospira_shaposhnikovii_Ectothiorhodospira_variabilis
Lactobacillus_Cluster_1	Lactobacillus_acidophilus_Lactobacillus_kitasatonis_Lactobacillus_taiwanensis_Lactobacillus_sp_Lactobacillus_johnsonii
Streptomyces_Cluster_3	Streptomyces_griseolus_Streptomyces_diastatochromogenes_Streptomyces_chattanoogensis_Streptomyces_albulus
Streptomyces_Cluster_23	Streptomyces_aureus_Streptomyces_durmitorensis_Streptomyces_olivochromogenes_Streptomyces_mirabilis_Streptomyces_kaempferi
Klebsiella_Cluster_1	Klebsiella_quasipneumoniae_Klebsiella_pneumoniae_Klebsiella_granulomatis_Klebsiella_aerogenes_Klebsiella_variicola
Streptococcus_Cluster_1	Streptococcus_phage_Streptococcus_pneumoniae_Streptococcus_oralis_Streptococcus_mitis_Streptococcus_infantis
Streptomyces_Cluster_10	Streptomyces_violaceusniger_Streptomyces_sporocinereus_Streptomyces_endus_Streptomyces_albiflaviniger_Streptomyces_demainii
Aeromonas_Cluster_1	Aeromonas_sanarellii_Aeromonas_schubertii_Aeromonas_hydrophila_Aeromonas_taiwanensis_Aeromonas_dhakensis_Aeromonas_aquariorum
Lysinibacillus_Cluster_1	Lysinibacillus_fusiformis_Lysinibacillus_sphaericus_Lysinibacillus_boronitolerans_Lysinibacillus_xylanilyticus_Lysinibacillus_macroides
Sphingomonas_Cluster_1	Sphingomonas_sanguinis_Sphingomonas_pseudosanguinis_Sphingomonas_yabuuchiae_Sphingomonas_parapaucimobilis
Streptomyces_Cluster_12	Streptomyces_macrosporeus_Streptomyces_setonii_Streptomyces_pulcher_Streptomyces_griseoflavus_Streptomyces_atrovirens
Pseudoxanthomonas_Cluster_1	Pseudoxanthomonas_sp_Pseudoxanthomonas_mexicana_Pseudoxanthomonas_japonensis_Pseudoxanthomonas_indica
Buttiauxella_Cluster_1	Buttiauxella_sp_Buttiauxella_agrestis_Buttiauxella_noackiae_Buttiauxella_ferragutiae_Buttiauxella_brennerae_Buttiauxella_gaviniae
Microbacterium_Cluster_2	Microbacterium_hominis_Microbacterium_chocolatum_Microbacterium_testaceum_Microbacterium_trichothecenolyticum
Aeromonas_Cluster_2	Aeromonas_veronii_Aeromonas_sp_Aeromonas_sobria_Aeromonas_jandaei_Aeromonas_diversa_Aeromonas_fluvialis
Streptomyces_Cluster_9	Streptomyces_resistomycificus_Streptomyces_somaliensis_Streptomyces_rutgersensis_Streptomyces_koyangensis_Streptomyces_flavofungini_Streptomyces_exfoliatus_Streptomyces_coriofaciens_Streptomyces_albus_Streptomyces_albidoflavus_Streptomyces_daghestanicus
Streptomyces_Cluster_26	Streptomyces_thermoviolaceus_Streptomyces_thermophilus_Streptomyces_thermocyaneoviolaceus_Streptomyces_thermocyaneomaculatus
Aminobacter_Cluster_1	Aminobacter_sp_Aminobacter_niigataensis_Aminobacter_ciceronei_Aminobacter_aminovorans_Aminobacter_aganoensis
Psychrobacter_Cluster_1	Psychrobacter_glacincola_Psychrobacter_okhotskensis_Psychrobacter_luti_Psychrobacter_fozii_Psychrobacter_aquimaris_Psychrobacter_glaciei
Rickettsia_Cluster_1	Rickettsia_slovaca_Rickettsia_massiliae_Rickettsia_rickettsii_Rickettsia_peacockii_Rickettsia_japonica_Rickettsia_heilongjiangensis_Rickettsia_honei_Rickettsia_philipii
Burkholderia_Cluster_2	Burkholderia_paludis_Burkholderia_multivorans_Burkholderia_lata_Burkholderia_arboris_Burkholderia_contaminans_Burkholderia_metallica
Streptomyces_Cluster_11	Streptomyces_plicatus_Streptomyces_minutiscleroticus_Streptomyces_fungicidicus_Streptomyces_enissocaesilis_Streptomyces_djakartensis_Streptomyces_geysiriensis
Bifidobacterium_Cluster_1	Bifidobacterium_subtile_Bifidobacterium_saeculare_Bifidobacterium_pullorum_Bifidobacterium_gallinarum
Streptomyces_Cluster_22	Streptomyces_pactum_Streptomyces_litmocidini_Streptomyces_olivaceus_Streptomyces_finlayi_Streptomyces_mutabilis
