Promicromonospora_Cluster_1	Promicromonospora_xylanilytica_Promicromonospora_sp_Promicromonospora_endophytica_Promicromonospora_aerolata
Streptomyces_Cluster_2	Streptomyces_spectabilis_Streptomyces_triostinicus_Streptomyces_shenzhenensis_Streptomyces_sasae_Streptomyces_roseochromogenus_Streptomyces_recifensis_Streptomyces_puniciscabiei_Streptomyces_psammoticus_Streptomyces_novaecaesareae_Streptomyces_mangrovisoli_Streptomyces_lucensis_Streptomyces_longwoodensis_Streptomyces_lanatus_Streptomyces_jiujiangensis_Streptomyces_graminisoli_Streptomyces_gramineus_Streptomyces_ginsengisoli_Streptomyces_fuscichromogenes_Streptomyces_fulvoviolaceus_Streptomyces_filipinensis_Streptomyces_actinomycinicus
Porphyrobacter_Cluster_1	Porphyrobacter_sp_Porphyrobacter_sanguineus_Porphyrobacter_tepidarius_Porphyrobacter_donghaensis_Porphyrobacter_colymbi_Porphyrobacter_dokdonensis
Pseudoalteromonas_Cluster_1	Pseudoalteromonas_citrea_Pseudoalteromonas_undina_Pseudoalteromonas_issachenkonii_Pseudoalteromonas_hodoensis_Pseudoalteromonas_espejiana_Pseudoalteromonas_elyakovii_Pseudoalteromonas_carrageenovora_Pseudoalteromonas_paragorgicola_Pseudoalteromonas_distincta_Pseudoalteromonas_agarivorans
Streptomyces_Cluster_39	Streptomyces_thermoviolaceus_Streptomyces_thermocyaneoviolaceus_Streptomyces_thermocyaneomaculatus_Streptomyces_thermogriseus
Shewanella_Cluster_1	Shewanella_pacifica_Shewanella_livingstonensis_Shewanella_donghaensis_Shewanella_japonica_Shewanella_fidelis
Actinokineospora_Cluster_1	Actinokineospora_terrae_Actinokineospora_sp_Actinokineospora_diospyrosa_Actinokineospora_cibodasensis_Actinokineospora_fastidiosa
Isoptericola_Cluster_1	Isoptericola_sp_Isoptericola_chiayiensis_Isoptericola_halotolerans_Isoptericola_dokdonensis_Isoptericola_rhizophila
Pseudoalteromonas_Cluster_2	Pseudoalteromonas_lipolytica_Pseudoalteromonas_luteoviolacea_Pseudoalteromonas_shioyasakiensis_Pseudoalteromonas_prydzensis_Pseudoalteromonas_profundi_Pseudoalteromonas_nigrifaciens_Pseudoalteromonas_mariniglutinosa_Pseudoalteromonas_arabiensis_Pseudoalteromonas_gelatinilytica
Mesorhizobium_Cluster_1	Mesorhizobium_tianshanense_Mesorhizobium_temperatum_Mesorhizobium_tamadayense_Mesorhizobium_robiniae_Mesorhizobium_prunaredense_Mesorhizobium_muleiense_Mesorhizobium_mediterraneum_Mesorhizobium_ciceri_Mesorhizobium_delmotii
Streptomyces_Cluster_28	Streptomyces_roseus_Streptomyces_zaomyceticus_Streptomyces_wedmorensis_Streptomyces_viridobrunneus_Streptomyces_venezuelae_Streptomyces_termitum_Streptomyces_roseoviridis_Streptomyces_roseoviolascens_Streptomyces_laurentii_Streptomyces_castaneus_Streptomyces_roseolus_Streptomyces_roseofulvus_Streptomyces_noordhoekensis_Streptomyces_nashvillensis_Streptomyces_narbonensis_Streptomyces_lateritius_Streptomyces_gardneri_Streptomyces_filamentosus_Streptomyces_gulbargensis
Saccharothrix_Cluster_2	Saccharothrix_espanaensis_Saccharothrix_australiensis_Saccharothrix_algeriensis_Saccharothrix_tamanrassetensis
Brevibacterium_Cluster_1	Brevibacterium_sanguinis_Brevibacterium_permense_Brevibacterium_oceani_Brevibacterium_avium_Brevibacterium_H
Erwinia_Cluster_1	Erwinia_toletana_Erwinia_iniecta_Erwinia_sp_Erwinia_piriflorinigrans_Erwinia_rhapontici_Erwinia_persicina_Erwinia_aphidicola
Jeotgalibacillus_Cluster_1	Jeotgalibacillus_sp_Jeotgalibacillus_salarius_Jeotgalibacillus_malaysiensis_Jeotgalibacillus_alimentarius
Citricoccus_Cluster_1	Citricoccus_sp_Citricoccus_alkalitolerans_Citricoccus_muralis_Citricoccus_nitrophenolicus_Citricoccus_parietis
Erysipelothrix_Cluster_1	Erysipelothrix_rhusiopathiae_Erysipelothrix_inopinata_Erysipelothrix_muris_Erysipelothrix_tonsillarum
Bacillus_Cluster_1	Bacillus_weihenstephanensis_Bacillus_toyonensis_Bacillus_aryabhattai_Bacillus_pseudomycoides_Bacillus_phage_Bacillus_meqaterium_Bacillus_gaemokensis_Bacillus_bombysepticus
Kitasatospora_Cluster_1	Kitasatospora_atroaurantiaca_Kitasatospora_cineracea_Kitasatospora_setae_Kitasatospora_sampliensis_Kitasatospora_saccharophila_Kitasatospora_recifensis_Kitasatospora_paranensis_Kitasatospora_paracochleata_Kitasatospora_nipponensis_Kitasatospora_kifunensis_Kitasatospora_kepongensis_Kitasatospora_arboriphila_Kitasatospora_griseola_Kitasatospora_gansuensis_Kitasatospora_cystarginea_Kitasatospora_azatica
Streptomyces_Cluster_40	Streptomyces_xylophagus_Streptomyces_violorubens_Streptomyces_violarus_Streptomyces_tunisiensis_Streptomyces_tumenensis_Streptomyces_tuirus_Streptomyces_toyocaensis_Streptomyces_roseorubens_Streptomyces_matensis_Streptomyces_luteogriseus_Streptomyces_plemorphus_Streptomyces_labedae_Streptomyces_inaequalis_Streptomyces_iakyrus_Streptomyces_griseoincarnatus_Streptomyces_arenae_Streptomyces_althioticus_Streptomyces_albogriseolus_Streptomyces_afghaniensis_Streptomyces_thermoluteus
Streptomyces_Cluster_15	Streptomyces_bikiniensis_Streptomyces_viridogenes_Streptomyces_rutgersensis_Streptomyces_propurpuratus_Streptomyces_omiyaensis_Streptomyces_mordarskii_Streptomyces_mobaraensis_Streptomyces_luteosporeus_Streptomyces_lilacinus_Streptomyces_kronopolitis_Streptomyces_kasugaspinus_Streptomyces_kasugaensis_Streptomyces_gilvosporeus_Streptomyces_celluloflavus_Streptomyces_castelarensis_Streptomyces_albus_Streptomyces_bambusae
Lactobacillus_Cluster_1	Lactobacillus_nantensis_Lactobacillus_mindensis_Lactobacillus_heilongjiangensis_Lactobacillus_farciminis_Lactobacillus_crustorum_Lactobacillus_formosensis
Paenisporosarcina_Cluster_1	Paenisporosarcina_sp_Paenisporosarcina_quisquiliarum_Paenisporosarcina_indica_Paenisporosarcina_antarctica
Geobacillus_Cluster_1	Geobacillus_stearothermophilus_Geobacillus_thermoleovorans_Geobacillus_stearothermophilus_Geobacillus_thermoleovorans
Streptomyces_Cluster_32	Streptomyces_turgidiscabies_Streptomyces_deccanensis_Streptomyces_graminilatus_Streptomyces_tauricus_Streptomyces_ryensis_Streptomyces_lacrimifluminis
Caulobacter_Cluster_1	Caulobacter_vibrioides_Caulobacter_crescentus_Caulobacter_segnis_Caulobacter_henricii_Caulobacter_flavus
Burkholderia_Cluster_1	Burkholderia_seminalis_Burkholderia_anthina_Burkholderia_arboris_Burkholderia_lata_Burkholderia_latens
Streptomyces_Cluster_7	Streptomyces_violascens_Streptomyces_variegatus_Streptomyces_hawaiiensis_Streptomyces_flavovariabilis_Streptomyces_chartreusis_Streptomyces_alboniger
Curtobacterium_Cluster_1	Curtobacterium_pusillum_Curtobacterium_herbarum_Curtobacterium_b163_Curtobacterium_b145_Curtobacterium_oceanosedimentum_Curtobacterium_luteum_Curtobacterium_citreum_Curtobacterium_ammoniigenes_Curtobacterium_MG-2011-13-CA
Achromobacter_Cluster_1	Achromobacter_piechaudii_Achromobacter_denitrificans_Achromobacter_ruhlandii_Achromobacter_marplatensis_Achromobacter_insuavis_Achromobacter_insolitus_Achromobacter_arsenitoxydans_Achromobacter_aegrifaciens
Metallosphaera_Cluster_1	Metallosphaera_sedula_Metallosphaera_cuprina_Metallosphaera_hakonensis_Metallosphaera_prunae_Metallosphaera_sp
Lentzea_Cluster_1	Lentzea_waywayandensis_Lentzea_violacea_Lentzea_flaviverrucosa_Lentzea_albidocapillata_Lentzea_albida
Burkholderia_Cluster_2	Burkholderia_cepacia_Burkholderia_cenocepacia_Burkholderia_stabilis_Burkholderia_paludis_Burkholderia_contaminans_Burkholderia_metallica
Arthrobacter_Cluster_2	Arthrobacter_tecti_Arthrobacter_tumbae_Arthrobacter_flavus_Arthrobacter_subterraneus_Arthrobacter_parietis
Sphingobium_Cluster_2	Sphingobium_mellinum_Sphingobium_quisquiliarum_Sphingobium_herbicidovorans_Sphingobium_fuliginis_Sphingobium_barthaii
Mycobacterium_Cluster_13	Mycobacterium_poriferae_Mycobacterium_chubuense_Mycobacterium_aurum_Mycobacterium_iranicum_Mycobacterium_chlorophenolicum_Mycobacterium_rufum
Mycobacterium_Cluster_5	Mycobacterium_vulneris_Mycobacterium_ulcerans_Mycobacterium_shottsii_Mycobacterium_pseudoshottsii_Mycobacterium_marseillense_Mycobacterium_marinum_Mycobacterium_chimaera_Mycobacterium_chesapeaki
Streptomyces_Cluster_25	Streptomyces_glaucescens_Streptomyces_reticuli_Streptomyces_griseosporeus_Streptomyces_bangladeshensis
Microbacterium_Cluster_2	Microbacterium_xylanilyticum_Microbacterium_azadirachtae_Microbacterium_saperdae_Microbacterium_resistens_Microbacterium_enclense_Microbacterium_kyungheense
Lechevalieria_Cluster_1	Lechevalieria_xinjiangensis_Lechevalieria_sp_Lechevalieria_flava_Lechevalieria_aerocolonigenes_Lechevalieria_atacamensis_Lechevalieria_fradiae
Pseudomonas_Cluster_1	Pseudomonas_thivervalensis_Pseudomonas_salomonii_Pseudomonas_kilonensis_Pseudomonas_arsenicoxydans_Pseudomonas_brassicacearum
Paenibacillus_Cluster_1	Paenibacillus_thiaminolyticus_Paenibacillus_popilliae_Paenibacillus_dendritiformis_Paenibacillus_lentimorbus
Streptomyces_Cluster_22	Streptomyces_rhizophilus_Streptomyces_panaciradicis_Streptomyces_olivicoloratus_Streptomyces_misawanensis_Streptomyces_miharaensis_Streptomyces_kathirae_Streptomyces_griseovariabilis_Streptomyces_griseoluteus_Streptomyces_gilvifuscus_Streptomyces_durhamensis_Streptomyces_atroolivaceus_Streptomyces_echinatus
Bacillus_Cluster_2	Bacillus_thioparans_Bacillus_subterraneus_Bacillus_selenatarsenatis_Bacillus_aeris_Bacillus_jeotgali_Bacillus_boroniphilus
Sphingopyxis_Cluster_1	Sphingopyxis_soli_Sphingopyxis_macrogoltabida_Sphingopyxis_alaskensis_Sphingopyxis_panaciterrae_Sphingopyxis_italica_Sphingopyxis_ginsengisoli_Sphingopyxis_chilensis_Sphingopyxis_bauzanensis_Sphingopyxis_fribergensis
Streptomyces_Cluster_13	Streptomyces_yokosukanensis_Streptomyces_tumescens_Streptomyces_triangulatus_Streptomyces_sviceus_Streptomyces_shaanxiensis_Streptomyces_roseogriseus_Streptomyces_rishiriensis_Streptomyces_resistomycificus_Streptomyces_regensis_Streptomyces_regalis_Streptomyces_rameus_Streptomyces_pseudovenezuelae_Streptomyces_prunicolor_Streptomyces_plumbiresistens_Streptomyces_plumbeus_Streptomyces_panayensis_Streptomyces_olivaceoviridis_Streptomyces_neopeptinius_Streptomyces_natalensis_Streptomyces_moderatus_Streptomyces_mirabilis_Streptomyces_minoensis_Streptomyces_lincolnensis_Streptomyces_lasaliensis_Streptomyces_indigocolor_Streptomyces_griseoruber_Streptomyces_griseochromogenes_Streptomyces_graminifolii_Streptomyces_globifer_Streptomyces_galbus_Streptomyces_fimbriatus_Streptomyces_cyslabdanicus_Streptomyces_curacoi_Streptomyces_corchorusii_Streptomyces_coralus_Streptomyces_ciscaucasicus_Streptomyces_cellostaticus_Streptomyces_capoamus_Streptomyces_canus_Streptomyces_canarius_Streptomyces_caeruleatus_Streptomyces_bungoensis_Streptomyces_bobili_Streptomyces_avermitilis_Streptomyces_antibioticus_Streptomyces_aureocirculatus
Streptomyces_Cluster_29	Streptomyces_yerevanensis_Streptomyces_phaeopurpureus_Streptomyces_coacervatus_Streptomyces_hainanensis
Algoriphagus_Cluster_1	Algoriphagus_yeomjeoni_Algoriphagus_ratkowskyi_Algoriphagus_antarcticus_Algoriphagus_aquimarinus_Algoriphagus_chordae
Thauera_Cluster_1	Thauera_sp_Thauera_phenylacetica_Thauera_aromatica_Thauera_aminoaromatica_Thauera_selenatis_Thauera_humireducens
Xanthomonas_Cluster_1	Xanthomonas_vesicatoria_Xanthomonas_vasicola_Xanthomonas_pisi_Xanthomonas_phaseoli_Xanthomonas_citri_Xanthomonas_alfalfae_Xanthomonas_campestris_Xanthomonas_oryzae_Xanthomonas_hortorum_Xanthomonas_gardneri_Xanthomonas_fragariae_Xanthomonas_euvesicatoria_Xanthomonas_dyei_Xanthomonas_cynarae_Xanthomonas_axonopodis_Xanthomonas_arboricola_Xanthomonas_cucurbitae
Nocardiopsis_Cluster_1	Nocardiopsis_umidischolae_Nocardiopsis_tangguensis_Nocardiopsis_aegyptia_Nocardiopsis_arvandica_Nocardiopsis_exhalans_Nocardiopsis_sinuspersici_Nocardiopsis_metallicus_Nocardiopsis_lucentensis_Nocardiopsis_alba
Streptomyces_Cluster_6	Streptomyces_yunnanensis_Streptomyces_youssoufiensis_Streptomyces_ramulosus_Streptomyces_mycarofaciens_Streptomyces_mutabilis_Streptomyces_lunalinharesii_Streptomyces_diastatochromogenes_Streptomyces_chattanoogensis_Streptomyces_ahygroscopicus_Streptomyces_albogriseus
Paenibacillus_Cluster_4	Paenibacillus_amylolyticus_Paenibacillus_xylanilyticus_Paenibacillus_faecis_Paenibacillus_xylanexedens_Paenibacillus_tylopili_Paenibacillus_pabuli_Paenibacillus_taichungensis_Paenibacillus_dongdonensis_Paenibacillus_illinoisensis_Paenibacillus_tundrae
Saccharopolyspora_Cluster_2	Saccharopolyspora_tripterygii_Saccharopolyspora_sp_Saccharopolyspora_dendranthemae_Saccharopolyspora_endophytica
Pseudomonas_Cluster_7	Pseudomonas_weihenstephanensis_Pseudomonas_lundensis_Pseudomonas_fragi_Pseudomonas_psychrophila_Pseudomonas_helleri
Nonomuraea_Cluster_1	Nonomuraea_wenchangensis_Nonomuraea_terrinata_Nonomuraea_salmonea_Nonomuraea_rubescens_Nonomuraea_maheshkhaliensis_Nonomuraea_kuesteri_Nonomuraea_jiangxiensis_Nonomuraea_jabiensis_Nonomuraea_guangzhouensis_Nonomuraea_fastidiosa_Nonomuraea_endophytica_Nonomuraea_coxensis_Nonomuraea_candida_Nonomuraea_bangladeshensis
Micrococcus_Cluster_1	Micrococcus_sp_Micrococcus_yunnanensis_Micrococcus_luteus_Micrococcus_endophyticus_Micrococcus_aloeverae
Kribbella_Cluster_1	Kribbella_mirabilis_Kribbella_sandramycini_Kribbella_qitaiheensis_Kribbella_koreensis_Kribbella_karoonensis_Kribbella_catacumbae_Kribbella_ginsengisoli
Sphingomonas_Cluster_3	Sphingomonas_kaistensis_Sphingomonas_astaxanthinifaciens_Sphingomonas_humi_Sphingomonas_xinjiangensis_Sphingomonas_ginsengisoli_Sphingomonas_gei
Enterobacter_Cluster_1	Enterobacter_hormaechei_Enterobacter_cowanii_Enterobacter_cancerogenus_Enterobacter_asburiae_Enterobacter_xiangfangensis
Bradyrhizobium_Cluster_3	Bradyrhizobium_stylosanthis_Bradyrhizobium_ottawaense_Bradyrhizobium_oligotrophicum_Bradyrhizobium_lupini_Bradyrhizobium_erythrophlei_Bradyrhizobium_neotropicale_Bradyrhizobium_liaoningense_Bradyrhizobium_lablabi_Bradyrhizobium_ingae_Bradyrhizobium_huanghuaihaiense_Bradyrhizobium_diazoefficiens_Bradyrhizobium_denitrificans_Bradyrhizobium_daqingense_Bradyrhizobium_betae_Bradyrhizobium_guangxiense
Nocardia_Cluster_1	Nocardia_arthritidis_Nocardia_beijingensis_Nocardia_araoensis_Nocardia_amikacinitolerans_Nocardia_amamiensis
Sphingobacterium_Cluster_1	Sphingobacterium_multivorum_Sphingobacterium_siyangense_Sphingobacterium_detergens_Sphingobacterium_caeni_Sphingobacterium_canadense
Pseudomonas_Cluster_5	Pseudomonas_oryzihabitans_Pseudomonas_taiwanensis_Pseudomonas_reptilivora_Pseudomonas_plecoglossicida_Pseudomonas_mosselii_Pseudomonas_entomophila_Pseudomonas_monteilii_Pseudomonas_hunanensis_Pseudomonas_flavescens_Pseudomonas_glareae_Pseudomonas_guariconensis
Helicobacter_Cluster_1	Helicobacter_rappini_Helicobacter_cinaedi_Helicobacter_canis_Helicobacter_bilis_Helicobacter_callitrichis
Brevibacterium_Cluster_2	Brevibacterium_iodinum_Brevibacterium_aureum_Brevibacterium_linens_Brevibacterium_antarcticum_Brevibacterium_antiquum_Brevibacterium_aurantiacum
Mycobacterium_Cluster_8	Mycobacterium_sacrum_Mycobacterium_hackensackense_Mycobacterium_fluoranthenivorans_Mycobacterium_diernhoferi_Mycobacterium_bacteremicum_Mycobacterium_frederiksbergense
Nocardia_Cluster_3	Nocardia_veterana_Nocardia_elegans_Nocardia_africana_Nocardia_kruczakiae_Nocardia_cerradoensis_Nocardia_mikamii
Streptomyces_Cluster_5	Streptomyces_seoulensis_Streptomyces_sanglieri_Streptomyces_pulveraceus_Streptomyces_phaeochromogenes_Streptomyces_kunmingensis_Streptomyces_krungchingensis_Streptomyces_glomeroaurantiacus_Streptomyces_aureus_Streptomyces_alboflavus_Streptomyces_albiflavescens
Actinopolyspora_Cluster_1	Actinopolyspora_sp_Actinopolyspora_salinaria_Actinopolyspora_indiensis_Actinopolyspora_erythraea_Actinopolyspora_egyptensis
Cellulomonas_Cluster_1	Cellulomonas_terrae_Cellulomonas_oligotrophica_Cellulomonas_soli_Cellulomonas_chitinilytica_Cellulomonas_humilata_Cellulomonas_xylanilytica
Tenacibaculum_Cluster_1	Tenacibaculum_sediminilitoris_Tenacibaculum_litoreum_Tenacibaculum_discolor_Tenacibaculum_ascidiaceicola
Fictibacillus_Cluster_1	Fictibacillus_sp_Fictibacillus_phosphorivorans_Fictibacillus_nanhaiensis_Fictibacillus_barbaricus_Fictibacillus_arsenicus_Fictibacillus_halophilus
Staphylococcus_Cluster_1	Staphylococcus_pseudintermedius_Staphylococcus_intermedius_Staphylococcus_carnosus_Staphylococcus_delphini
Streptomyces_Cluster_26	Streptomyces_thermovulgaris_Streptomyces_thermosacchari_Streptomyces_anandii_Streptomyces_griseoviridis
Dolichospermum_Cluster_1	Dolichospermum_flos_Dolichospermum_akankoense_Dolichospermum_circinale_Dolichospermum_affine_Dolichospermum_lemmermannii
Streptomyces_Cluster_11	Streptomyces_siamensis_Streptomyces_prasinopilosus_Streptomyces_padanus_Streptomyces_murinus_Streptomyces_griseofuscus_Streptomyces_fractus_Streptomyces_endophyticus_Streptomyces_costaricanus_Streptomyces_atriruber
Actinomadura_Cluster_1	Actinomadura_sediminis_Actinomadura_maheshkhaliensis_Actinomadura_madurae_Actinomadura_citrea_Actinomadura_macra_Actinomadura_glauciflava_Actinomadura_mexicana
Novosphingobium_Cluster_1	Novosphingobium_resinovorum_Novosphingobium_fluoreni_Novosphingobium_barchaimii_Novosphingobium_pentaromativorans_Novosphingobium_mathurense_Novosphingobium_naphthae_Novosphingobium_sp.F2
Micromonospora_Cluster_1	Micromonospora_chaiyaphumensis_Micromonospora_soli_Micromonospora_inositola_Micromonospora_viridifaciens_Micromonospora_sagamiensis_Micromonospora_pattaloongensis_Micromonospora_equina_Micromonospora_echinaurantiaca_Micromonospora_eburnea_Micromonospora_avicenniae
Halobacillus_Cluster_1	Halobacillus_sp_Halobacillus_litoralis_Halobacillus_dabanensis_Halobacillus_andaensis_Halobacillus_naozhouensis_Halobacillus_mangrovi_Halobacillus_hunanensis_Halobacillus_halophilus_Halobacillus_alkaliphilus
Streptomyces_Cluster_27	Streptomyces_yeochonensis_Streptomyces_yanglinensis_Streptomyces_paucisporeus_Streptomyces_cocklensis_Streptomyces_ferralitis_Streptomyces_guanduensis
Kribbella_Cluster_2	Kribbella_swartbergensis_Kribbella_italica_Kribbella_flavida_Kribbella_endophytica_Kribbella_albertanoniae_Kribbella_pittospori
Brucella_Cluster_1	Brucella_suis_Brucella_sp_Brucella_pinnipedialis_Brucella_papionis_Brucella_ovis_Brucella_microti_Brucella_melitensis_Brucella_inopinata_Brucella_ceti_Brucella_abortus_Brucella_canis
Brevundimonas_Cluster_1	Brevundimonas_bacteroides_Brevundimonas_subvibrioides_Brevundimonas_denitrificans_Brevundimonas_basaltis_Brevundimonas_alba
Phycicoccus_Cluster_1	Phycicoccus_ochangensis_Phycicoccus_aerophilus_Phycicoccus_dokdonensis_Phycicoccus_aerolatum_Phycicoccus_ginsenosidimutans
Rhizobium_Cluster_1	Rhizobium_vallis_Rhizobium_sophoriradicis_Rhizobium_sophorae_Rhizobium_rhizogenes_Rhizobium_pisi_Rhizobium_phaseoli_Rhizobium_paranaense_Rhizobium_multihospitium_Rhizobium_mongolense_Rhizobium_miluonense_Rhizobium_mayense_Rhizobium_lusitanum_Rhizobium_leucaenae_Rhizobium_lentis_Rhizobium_laguerreae_Rhizobium_jaguaris_Rhizobium_indigoferae_Rhizobium_hainanense_Rhizobium_genosp_Rhizobium_freirei_Rhizobium_fabae_Rhizobium_etli_Rhizobium_ecuadorense_Rhizobium_calliandrae_Rhizobium_binae_Rhizobium_bangladeshense_Rhizobium_anhuiense_Rhizobium_aegyptiacum_Rhizobium_acidisoli
Planomicrobium_Cluster_1	Planomicrobium_sp_Planomicrobium_koreense_Planomicrobium_okeanokoites_Planomicrobium_flavidum_Planomicrobium_chinense
Streptomyces_Cluster_3	Streptomyces_xantholiticus_Streptomyces_setonensis_Streptomyces_scopuliridis_Streptomyces_peucetius_Streptomyces_ostreogriseus_Streptomyces_olivoreticuli_Streptomyces_luridus_Streptomyces_lilaceus_Streptomyces_lavendulocolor_Streptomyces_kurssanovii_Streptomyces_hiroshimensis_Streptomyces_flavidovirens_Streptomyces_cyaneogriseus_Streptomyces_coeruleoaurantiacus_Streptomyces_cinnamonensis_Streptomyces_cinereoruber_Streptomyces_chryseus_Streptomyces_bingchengensis_Streptomyces_abikoensis_Streptomyces_avidinii_Streptomyces_aurantiacogriseus_Streptomyces_albulus_Streptomyces_albidochromogenes_Streptomyces_agglomeratus
Clostridium_Cluster_1	Clostridium_thiosulfatireducens_Clostridium_subterminale_Clostridium_argentinense_Clostridium_schirmacherense_Clostridium_sulfidigenes
Brachyspira_Cluster_1	Brachyspira_sp_Brachyspira_alvinipulli_Brachyspira_hampsonii_Brachyspira_pulli_Brachyspira_pilosicoli_Brachyspira_corvi_Brachyspira_innocens_Brachyspira_canis_Brachyspira_intermedia_Brachyspira_murdochii
Bradyrhizobium_Cluster_2	Bradyrhizobium_rifense_Bradyrhizobium_manausense_Bradyrhizobium_guangdongense_Bradyrhizobium_ganzhouense_Bradyrhizobium_cytisi
Campylobacter_Cluster_1	Campylobacter_sp_Campylobacter_concisus_Campylobacter_gracilis_Campylobacter_rectus_Campylobacter_showae
Sphingomonas_Cluster_4	Sphingomonas_sanguinis_Sphingomonas_pseudosanguinis_Sphingomonas_parapaucimobilis_Sphingomonas_aeria_Sphingomonas_paucimobilis
Pseudomonas_Cluster_9	Pseudomonas_mendocina_Pseudomonas_indoloxydans_Pseudomonas_guguanensis_Pseudomonas_composti_Pseudomonas_sihuiensis
Loktanella_Cluster_1	Loktanella_vestfoldensis_Loktanella_maricola_Loktanella_tamlensis_Loktanella_rosea_Loktanella_sediminilitoris
Streptomyces_Cluster_31	Streptomyces_clavuligerus_Streptomyces_viridocyaneus_Streptomyces_rectiviolaceus_Streptomyces_inusitatus_Streptomyces_tsukubensis_Streptomyces_tsukubaensis_Streptomyces_longisporoflavus_Streptomyces_durmitorensis_Streptomyces_kanamyceticus
Gluconacetobacter_Cluster_2	Gluconacetobacter_persimmonis_Gluconacetobacter_hansenii_Gluconacetobacter_maltiaceti_Gluconacetobacter_oboediens_Gluconacetobacter_rhaeticus
Micromonospora_Cluster_5	Micromonospora_schwarzwaldensis_Micromonospora_narashino_Micromonospora_humi_Micromonospora_chalcea_Micromonospora_maritima
Bradyrhizobium_Cluster_4	Bradyrhizobium_viridifuturi_Bradyrhizobium_tropiciagri_Bradyrhizobium_retamae_Bradyrhizobium_paxllaeri_Bradyrhizobium_pachyrhizi_Bradyrhizobium_jicamae_Bradyrhizobium_icense_Bradyrhizobium_group_Bradyrhizobium_embrapense_Bradyrhizobium_valentinum
Streptomyces_Cluster_21	Streptomyces_yangpuensis_Streptomyces_xanthophaeus_Streptomyces_virginiae_Streptomyces_toxytricini_Streptomyces_subrutilus_Streptomyces_senoensis_Streptomyces_sakaiensis_Streptomyces_racemochromogenes_Streptomyces_polychromogenes_Streptomyces_nojiriensis_Streptomyces_nanchangensis_Streptomyces_manipurensis_Streptomyces_lysosuperificus_Streptomyces_lavendulae_Streptomyces_katrae_Streptomyces_herbaricolor_Streptomyces_gangtokensis_Streptomyces_flavotricini_Streptomyces_erythrochromogenes_Streptomyces_cirratus_Streptomyces_amritsarensis_Streptomyces_colombiensis
Rhodococcus_Cluster_2	Rhodococcus_sp_Rhodococcus_globerulus_Rhodococcus_erythreus_Rhodococcus_boritolerans_Rhodococcus_degradans
Nonomuraea_Cluster_2	Nonomuraea_thailandensis_Nonomuraea_syzygii_Nonomuraea_solani_Nonomuraea_shaanxiensis_Nonomuraea_rhizophila_Nonomuraea_monospora
Methanothermobacter_Cluster_1	Methanothermobacter_thermautotrophicus_Methanothermobacter_marburgensis_Methanothermobacter_thermophilus
Janibacter_Cluster_1	Janibacter_terrae_Janibacter_sanguinis_Janibacter_melonis_Janibacter_limosus_Janibacter_hoylei_Janibacter_indicus_Janibacter_marinus
Streptomyces_Cluster_8	Streptomyces_yatensis_Streptomyces_violaceusniger_Streptomyces_melanosporofaciens_Streptomyces_antimycoticus
Actinoplanes_Cluster_2	Actinoplanes_roseosporangius_Actinoplanes_purpeobrunneus_Actinoplanes_octamycinicus_Actinoplanes_capillaceus_Actinoplanes_hulinensis
Pseudomonas_Cluster_11	Pseudomonas_fluorescens_Pseudomonas_veronii_Pseudomonas_gessardii_Pseudomonas_brenneri_Pseudomonas_poae_Pseudomonas_tolaasii
Streptomyces_Cluster_37	Streptomyces_sclerotialus_Streptomyces_poonensis_Streptomyces_ribosidificus_Streptomyces_roseiscleroticus
Halomonas_Cluster_2	Halomonas_sulfidaeris_Halomonas_boliviensis_Halomonas_glaciei_Halomonas_alkantarctica_Halomonas_aquamarina_Halomonas_arcis
Streptomyces_Cluster_30	Streptomyces_yogyakartensis_Streptomyces_javensis_Streptomyces_endus_Streptomyces_demainii_Streptomyces_caatingaensis_Streptomyces_iranensis
Dietzia_Cluster_1	Dietzia_psychralcaliphila_Dietzia_natronolimnaea_Dietzia_dagingensis_Dietzia_cercidiphylli_Dietzia_daqingensis
Saccharothrix_Cluster_1	Saccharothrix_xinjiangensis_Saccharothrix_texasensis_Saccharothrix_sp_Saccharothrix_saharensis_Saccharothrix_longispora_Saccharothrix_carnea
Actinobacillus_Cluster_1	Actinobacillus_suis_Actinobacillus_pleuropneumoniae_Actinobacillus_capsulatus_Actinobacillus_equuli_Actinobacillus_arthritidis_Actinobacillus_lignieresii
Micromonospora_Cluster_7	Micromonospora_wenchangensis_Micromonospora_matsumotoense_Micromonospora_floridensis_Micromonospora_oryzae
Streptomyces_Cluster_10	Streptomyces_sparsogenes_Streptomyces_rimosus_Streptomyces_monomycini_Streptomyces_indonesiensis_Streptomyces_cuspidosporus_Streptomyces_chrestomyceticus_Streptomyces_bingchenggensis_Streptomyces_ascomycinicus
Paenibacillus_Cluster_2	Paenibacillus_sabinae_Paenibacillus_brassicae_Paenibacillus_durus_Paenibacillus_forsythiae_Paenibacillus_sophorae
Erythrobacter_Cluster_1	Erythrobacter_aquimaris_Erythrobacter_vulgaris_Erythrobacter_piscidermidis_Erythrobacter_pelagi_Erythrobacter_nanhaisediminis_Erythrobacter_flavus_Erythrobacter_citreus
Micromonospora_Cluster_3	Micromonospora_purpureochromogenes_Micromonospora_auratinigra_Micromonospora_endolithica_Micromonospora_coriariae_Micromonospora_cremea
Streptomyces_Cluster_24	Streptomyces_tosaensis_Streptomyces_fumigatiscleroticus_Streptomyces_glaucus_Streptomyces_thermophilus_Streptomyces_thermodiastaticus_Streptomyces_thermocarboxydovorans_Streptomyces_pulcher_Streptomyces_deserti_Streptomyces_prasinosporus_Streptomyces_griseostramineus_Streptomyces_bullii_Streptomyces_griseomycini
Streptomyces_Cluster_12	Streptomyces_tubercidicus_Streptomyces_sioyaensis_Streptomyces_roseocinereus_Streptomyces_platensis_Streptomyces_albospinus_Streptomyces_ossamyceticus_Streptomyces_nigrescens_Streptomyces_misakiensis_Streptomyces_microsporus_Streptomyces_lydicus_Streptomyces_libani_Streptomyces_griseocarneus_Streptomyces_glebosus_Streptomyces_fasiculatus_Streptomyces_decoyicus_Streptomyces_cinerochromogenes_Streptomyces_catenulae_Streptomyces_caniferus_Streptomyces_auratus_Streptomyces_angustmyceticus_Streptomyces_aldersoniae_Streptomyces_achromogenes_Streptomyces_atrolaccus
Micromonospora_Cluster_6	Micromonospora_siamensis_Micromonospora_mirobrigensis_Micromonospora_echinospora_Micromonospora_nickelidurans
Mycobacterium_Cluster_14	Mycobacterium_vaccae_Mycobacterium_abscessus_Mycobacterium_rhodesiae_Mycobacterium_aromaticivorans_Mycobacterium_sarraceniae_Mycobacterium_tusciae
Streptococcus_Cluster_2	Streptococcus_phage_Streptococcus_sp_Streptococcus_pneumoniae_Streptococcus_oralis_Streptococcus_mitis_Streptococcus_infantis
Advenella_Cluster_1	Advenella_sp_Advenella_alkanexedens_Advenella_mimigardefordensis_Advenella_incenata_Advenella_kashmirensis
Bartonella_Cluster_4	Bartonella_weissi_Bartonella_schoenbuchensis_Bartonella_capreoli_Bartonella_chomelii_Bartonella_bovis_Bartonella_melophagi
Arthrobacter_Cluster_1	Arthrobacter_phenanthrenivorans_Arthrobacter_soli_Arthrobacter_ramosus_Arthrobacter_oryzae_Arthrobacter_methylotrophus_Arthrobacter_gyeryongensis
Mycobacterium_Cluster_3	Mycobacterium_yongonense_Mycobacterium_seoulense_Mycobacterium_paraintracellulare_Mycobacterium_nebraskense_Mycobacterium_kansasii_Mycobacterium_intracellulare_Mycobacterium_indicus_Mycobacterium_colombiense_Mycobacterium_bouchedurhonense_Mycobacterium_arosiense
Vibrio_Cluster_1	Vibrio_sagamiensis_Vibrio_parahaemolyticus_Vibrio_harveyi_Vibrio_alginolyticus_Vibrio_azureus_Vibrio_diabolicus_Vibrio_antiquarius_Vibrio_owensii
Pseudomonas_Cluster_8	Pseudomonas_seleniipraecipitans_Pseudomonas_straminea_Pseudomonas_punonensis_Pseudomonas_argentinensis_Pseudomonas_parafulva
Sphingomonas_Cluster_2	Sphingomonas_yunnanensis_Sphingomonas_ginsenosidimutans_Sphingomonas_adhaesiva_Sphingomonas_desiccabilis
Bartonella_Cluster_1	Bartonella_silvatica_Bartonella_rattaustraliani_Bartonella_phoceensis_Bartonella_pachyuromydis_Bartonella_massiliensis_Bartonella_florencae_Bartonella_alsatica_Bartonella_acomydis
Halomonas_Cluster_1	Halomonas_salina_Halomonas_campisalis_Halomonas_venusta_Halomonas_hydrothermalis_Halomonas_campaniensis_Halomonas_alkaliphila
Lactobacillus_Cluster_2	Lactobacillus_paralimentarius_Lactobacillus_alimentarius_Lactobacillus_nodensis_Lactobacillus_tucceti
Micromonospora_Cluster_4	Micromonospora_zeae_Micromonospora_zamorensis_Micromonospora_yulongensis_Micromonospora_violae_Micromonospora_saelicesensis_Micromonospora_maoerensis_Micromonospora_lycii_Micromonospora_lupini_Micromonospora_lacustris
Alteromonas_Cluster_1	Alteromonas_tagae_Alteromonas_australica_Alteromonas_simiduii_Alteromonas_genovensis_Alteromonas_genoviensis_Alteromonas_mediterranea
Streptomyces_Cluster_18	Streptomyces_showdoensis_Streptomyces_laculatispora_Streptomyces_drozdowiczii_Streptomyces_atratus_Streptomyces_beijiangensis_Streptomyces_brevispora
Pseudomonas_Cluster_2	Pseudomonas_marginalis_Pseudomonas_extremaustralis_Pseudomonas_lurida_Pseudomonas_simiae_Pseudomonas_meridiana_Pseudomonas_costantinii_Pseudomonas_auricularis_Pseudomonas_canadensis
Planotetraspora_Cluster_1	Planotetraspora_thailandica_Planotetraspora_silvatica_Planotetraspora_phitsanulokensis_Planotetraspora_mira_Planotetraspora_kaengkrachanensis
Haloterrigena_Cluster_1	Haloterrigena_thermotolerans_Haloterrigena_sp_Haloterrigena_jeotgali_Haloterrigena_saccharevitans_Haloterrigena_turkmenica
Bifidobacterium_Cluster_1	Bifidobacterium_subtile_Bifidobacterium_pullorum_Bifidobacterium_gallinarum_Bifidobacterium_saeculare
Pseudomonas_Cluster_10	Pseudomonas_moorei_Pseudomonas_mohnii_Pseudomonas_jessenii_Pseudomonas_umsongensis_Pseudomonas_denitrificans
Saccharomonospora_Cluster_1	Saccharomonospora_paurometabolica_Saccharomonospora_halophila_Saccharomonospora_xinjiangensis_Saccharomonospora_cyanea
Gordonia_Cluster_1	Gordonia_westfalica_Gordonia_namibiensis_Gordonia_rubripertincta_Gordonia_amicalis_Gordonia_amarae_Gordonia_alkanivorans_Gordonia_ajococcus_Gordonia_rubripertinctus
Thermoanaerobacter_Cluster_1	Thermoanaerobacter_siderophilus_Thermoanaerobacter_acetoethylicus_Thermoanaerobacter_thermohydrosulfuricus
Catellatospora_Cluster_1	Catellatospora_vulcania_Catellatospora_tagetis_Catellatospora_paridis_Catellatospora_methionotrophica_Catellatospora_coxensis_Catellatospora_citrea_Catellatospora_chokoriensis
Pseudarthrobacter_Cluster_1	Pseudarthrobacter_sulfonivorans_Pseudarthrobacter_siccitolerans_Pseudarthrobacter_polychromogenes_Pseudarthrobacter_oxydans_Pseudarthrobacter_chlorophenolicus_Pseudarthrobacter_defluvii_Pseudarthrobacter_phenanthrenivorans
Pseudomonas_Cluster_6	Pseudomonas_synxantha_Pseudomonas_syncyanea_Pseudomonas_reactans_Pseudomonas_paralactis_Pseudomonas_libanensis_Pseudomonas_lactis
Plantibacter_Cluster_1	Plantibacter_sp_Plantibacter_flavus_Plantibacter_cousiniae_Plantibacter_auratus_Plantibacter_agrosticola
Yersinia_Cluster_1	Yersinia_sp_Yersinia_kristensenii_Yersinia_intermedia_Yersinia_frederiksenii_Yersinia_aldovae_Yersinia_mollaretii_Yersinia_enterocolitica_Yersinia_bercovieri_Yersinia_aleksiciae
Mycobacterium_Cluster_1	Mycobacterium_szulgai_Mycobacterium_malmoense_Mycobacterium_asiaticum_Mycobacterium_angelicum_Mycobacterium_alsiensis_Mycobacterium_alsense
Rhodopseudomonas_Cluster_1	Rhodopseudomonas_thermotolerans_Rhodopseudomonas_faecalis_Rhodopseudomonas_oryzae_Rhodopseudomonas_pentothenatexigens
Mycobacterium_Cluster_10	Mycobacterium_saskatchewanense_Mycobacterium_paraffinicum_Mycobacterium_intermedium_Mycobacterium_mantenii
Chryseomicrobium_Cluster_1	Chryseomicrobium_sp_Chryseomicrobium_imtechense_Chryseomicrobium_amylolyticum_Chryseomicrobium_aureum
Thermoanaerobacterium_Cluster_1	Thermoanaerobacterium_saccharolyticum_Thermoanaerobacterium_aciditolerans_Thermoanaerobacterium_aotearoense
Pseudoxanthomonas_Cluster_1	Pseudoxanthomonas_sp_Pseudoxanthomonas_japonensis_Pseudoxanthomonas_indica_Pseudoxanthomonas_mexicana
Mesorhizobium_Cluster_2	Mesorhizobium_waitakense_Mesorhizobium_sophorae_Mesorhizobium_sangaii_Mesorhizobium_newzealandense_Mesorhizobium_kowhaii
Streptomyces_Cluster_42	Streptomyces_sanyensis_Streptomyces_netropsis_Streptomyces_eurocidicus_Streptomyces_kitasatoensis_Streptomyces_zhihengii
Aeromonas_Cluster_2	Aeromonas_salmonicida_Aeromonas_popoffii_Aeromonas_bivalvium_Aeromonas_bestiarum_Aeromonas_molluscorum_Aeromonas_encheleia
Actinoplanes_Cluster_3	Actinoplanes_xinjiangensis_Actinoplanes_utahensis_Actinoplanes_sichuanensis_Actinoplanes_lobatus_Actinoplanes_arizonaensis_Actinoplanes_rectilineatus
Microbacterium_Cluster_5	Microbacterium_marinilacus_Microbacterium_gorillae_Microbacterium_imperiale_Microbacterium_arborescens_Microbacterium_paludicola
Mycobacterium_Cluster_11	Mycobacterium_sinense_Mycobacterium_arupense_Mycobacterium_algericum_Mycobacterium_kumamotonense_Mycobacterium_nonchromogenicum
Chryseobacterium_Cluster_1	Chryseobacterium_yeoncheonense_Chryseobacterium_soldanellicola_Chryseobacterium_limigenitum_Chryseobacterium_gregarium_Chryseobacterium_aahli
Jeotgalicoccus_Cluster_1	Jeotgalicoccus_halotolerans_Jeotgalicoccus_nanhaiensis_Jeotgalicoccus_halophilus_Jeotgalicoccus_aerolatus
Micromonospora_Cluster_8	Micromonospora_rosaria_Micromonospora_olivasterospora_Micromonospora_echinofusca_Micromonospora_fluostatini_Micromonospora_costi_Micromonospora_pallida
Ectothiorhodospira_Cluster_1	Ectothiorhodospira_shaposhnikovii_Ectothiorhodospira_haloalkaliphila_Ectothiorhodospira_marina_Ectothiorhodospira_sp
Sphingomonas_Cluster_1	Sphingomonas_panacis_Sphingomonas_mali_Sphingomonas_hylomeconis_Sphingomonas_kwangyangensis_Sphingomonas_rhizogenes_Sphingomonas_oligophenolica_Sphingomonas_mucosissima_Sphingomonas_alpina_Sphingomonas_anadarae
Enterococcus_Cluster_2	Enterococcus_xiangfangensis_Enterococcus_devriesei_Enterococcus_pseudoavium_Enterococcus_malodoratus_Enterococcus_hawaiiensis
Streptomyces_Cluster_34	Streptomyces_capillispiralis_Streptomyces_aureofaciens_Streptomyces_levis_Streptomyces_nodosus_Streptomyces_gelaticus
Pyrococcus_Cluster_1	Pyrococcus_yayanosii_Pyrococcus_woesei_Pyrococcus_sp_Pyrococcus_horikoshii_Pyrococcus_glycovorans_Pyrococcus_abyssi_Pyrococcus_furiosus
Actinoallomurus_Cluster_1	Actinoallomurus_sp_Actinoallomurus_amamiensis_Actinoallomurus_fulvus_Actinoallomurus_iriomotensis_Actinoallomurus_yoronensis
Haloferax_Cluster_1	Haloferax_sp_Haloferax_gibbonsii_Haloferax_volcanii_Haloferax_prahovense_Haloferax_lucentense_Haloferax_alexandrinus
Staphylococcus_Cluster_2	Staphylococcus_epidermidis_Staphylococcus_capitis_Staphylococcus_caprae_Staphylococcus_saccharolyticus
Microbacterium_Cluster_4	Microbacterium_profundi_Microbacterium_phyllosphaerae_Microbacterium_hydrocarbonoxydans_Microbacterium_murale
Acidovorax_Cluster_1	Acidovorax_valerianellae_Acidovorax_sp_Acidovorax_radicis_Acidovorax_soli_Acidovorax_facilis_Acidovorax_delafieldii
Methanobacterium_Cluster_1	Methanobacterium_bryantii_Methanobacterium_arcticum_Methanobacterium_espanolae_Methanobacterium_uliginosum
Mesorhizobium_Cluster_3	Mesorhizobium_waimense_Mesorhizobium_opportunistum_Mesorhizobium_jarvisii_Mesorhizobium_qingshengii_Mesorhizobium_huakuii_Mesorhizobium_genosp_Mesorhizobium_shonense
Nocardia_Cluster_2	Nocardia_shimofusensis_Nocardia_otitidiscaviarum_Nocardia_farcinica_Nocardia_asiatica_Nocardia_abscessus_Nocardia_higoensis
Mycobacterium_Cluster_12	Mycobacterium_llatzerense_Mycobacterium_aubagnense_Mycobacterium_ratisbonense_Mycobacterium_phocaicum_Mycobacterium_mucogenicum
Desulfotomaculum_Cluster_1	Desulfotomaculum_sp_Desulfotomaculum_kuznetsovii_Desulfotomaculum_solfataricum_Desulfotomaculum_thermobenzoicum
Sphingobium_Cluster_1	Sphingobium_lucknowense_Sphingobium_japonicum_Sphingobium_indicum_Sphingobium_francense_Sphingobium_chinhatense
Streptomyces_Cluster_33	Streptomyces_tsusimaensis_Streptomyces_roseoviolaceus_Streptomyces_flavovirens_Streptomyces_bacillaris_Streptomyces_albolongus_Streptomyces_lohii
Parageobacillus_Cluster_1	Parageobacillus_thermantarcticus_Parageobacillus_thermoglucosidasius_Parageobacillus_thermoglucosidans
Meiothermus_Cluster_1	Meiothermus_taiwanensis_Meiothermus_cateniformans_Meiothermus_rosaceus_Meiothermus_cerbereus_Meiothermus_ruber
Pseudoxanthomonas_Cluster_2	Pseudoxanthomonas_dokdonensis_Pseudoxanthomonas_wuyuanensis_Pseudoxanthomonas_ginsengisoli_Pseudoxanthomonas_gei_Pseudoxanthomonas_sacheonensis
Arthrobacter_Cluster_3	Arthrobacter_psychrophenolicus_Arthrobacter_antarcticus_Arthrobacter_gangotriensis_Arthrobacter_sulfureus
Actinopolyspora_Cluster_2	Actinopolyspora_xinjiangensis_Actinopolyspora_righensis_Actinopolyspora_mortivallis_Actinopolyspora_lacussalsi
Streptosporangium_Cluster_1	Streptosporangium_vulgare_Streptosporangium_sp_Streptosporangium_shengliense_Streptosporangium_rubrum_Streptosporangium_roseum_Streptosporangium_nanhuense_Streptosporangium_longisporum_Streptosporangium_kronopolitis_Streptosporangium_koreanum_Streptosporangium_carneum_Streptosporangium_canum_Streptosporangium_amethystogenes_Streptosporangium_album
Klebsiella_Cluster_1	Klebsiella_sp_Klebsiella_quasipneumoniae_Klebsiella_granulomatis_Klebsiella_pneumoniae_Klebsiella_aerogenes_Klebsiella_variicola
Litoreibacter_Cluster_1	Litoreibacter_sp_Litoreibacter_meonggei_Litoreibacter_janthinus_Litoreibacter_halocynthiae_Litoreibacter_ascidiaceicola_Litoreibacter_albidus
Streptomyces_Cluster_23	Streptomyces_umbrinus_Streptomyces_phaeofaciens_Streptomyces_phaechromogenes_Streptomyces_mashuensis_Streptomyces_ederensis
Streptomyces_Cluster_4	Streptomyces_violaceus_Streptomyces_albosporeus_Streptomyces_lividoclavatus_Streptomyces_rubrolavendulae_Streptomyces_coeruleoprunus_Streptomyces_griseorubens_Streptomyces_wuyuanensis_Streptomyces_werraensis_Streptomyces_viridodiastaticus_Streptomyces_viridis_Streptomyces_vinaceus_Streptomyces_vellosus_Streptomyces_thermocarboxydus_Streptomyces_tendae_Streptomyces_stramineus_Streptomyces_steffisburgensis_Streptomyces_shandongensis_Streptomyces_rubiginosus_Streptomyces_purpurascens_Streptomyces_pseudogriseolus_Streptomyces_pilosus_Streptomyces_noursei_Streptomyces_massasporeus_Streptomyces_malachitofuscus_Streptomyces_malachiticus_Streptomyces_macrosporeus_Streptomyces_lusitanus_Streptomyces_lomondensis_Streptomyces_kagoshimanus_Streptomyces_indiaensis_Streptomyces_humidus_Streptomyces_heliomycini_Streptomyces_griseoloalbus_Streptomyces_griseoflavus_Streptomyces_gancidicus_Streptomyces_galilaeus_Streptomyces_fragilis_Streptomyces_flavoviridis_Streptomyces_flavomacrosporus_Streptomyces_erythrogriseus_Streptomyces_djakartensis_Streptomyces_cyaneus_Streptomyces_cellulosae_Streptomyces_calvus_Streptomyces_caelestis_Streptomyces_azureus_Streptomyces_atrovirens_Streptomyces_asterosporus_Streptomyces_africanus_Streptomyces_albaduncus
Amycolatopsis_Cluster_2	Amycolatopsis_hippodromi_Amycolatopsis_halotolerans_Amycolatopsis_equina_Amycolatopsis_circi_Amycolatopsis_albidoflavus_Amycolatopsis_benzoatilytica
Halobacillus_Cluster_2	Halobacillus_yeomjeoni_Halobacillus_trueperi_Halobacillus_faecis_Halobacillus_blutaparonensis_Halobacillus_profundi
Gluconobacter_Cluster_2	Gluconobacter_japonicus_Gluconobacter_cerinus_Gluconobacter_frateurii_Gluconobacter_nephelii_Gluconobacter_thailandicus
Streptomyces_Cluster_9	Streptomyces_somaliensis_Streptomyces_sannanensis_Streptomyces_purpureus_Streptomyces_pristinaespiralis_Streptomyces_maoxianensis_Streptomyces_kanasensis_Streptomyces_helvaticus_Streptomyces_gobitricini_Streptomyces_cremeus_Streptomyces_armentosus
Lysinibacillus_Cluster_1	Lysinibacillus_varians_Lysinibacillus_mangiferihumi_Lysinibacillus_fusiformis_Lysinibacillus_LONG4_Lysinibacillus_mangiferahumi
Streptomyces_Cluster_36	Streptomyces_purpurogeneiscleroticus_Streptomyces_olivaceiscleroticus_Streptomyces_ochraceiscleroticus_Streptomyces_niger_Streptomyces_morookaense_Streptomyces_cangkringensis_Streptomyces_luteireticuli_Streptomyces_albofaciens_Streptomyces_orinoci
Cryptosporangium_Cluster_1	Cryptosporangium_minutisporangium_Cryptosporangium_japonicum_Cryptosporangium_cibodasense_Cryptosporangium_aurantiacum
Thalassospira_Cluster_1	Thalassospira_xianhensis_Thalassospira_lohafexi_Thalassospira_lucentensis_Thalassospira_sp_Thalassospira_xiamenensis_Thalassospira_tepidiphila_Thalassospira_profundimaris_Thalassospira_frigidphilosprofundus
Stenotrophomonas_Cluster_1	Stenotrophomonas_tumulicola_Stenotrophomonas_sp_Stenotrophomonas_chelatiphaga_Stenotrophomonas_pavanii
Cellulosimicrobium_Cluster_1	Cellulosimicrobium_sp_Cellulosimicrobium_funkei_Cellulosimicrobium_aquatile_Cellulosimicrobium_cellulans
Streptomyces_Cluster_14	Streptomyces_vayuensis_Streptomyces_samsunensis_Streptomyces_malaysiensis_Streptomyces_albiflaviniger_Streptomyces_autolyticus
Microbacterium_Cluster_3	Microbacterium_hydrothermale_Microbacterium_ginsengiterrae_Microbacterium_ginsengisoli_Microbacterium_mitrae
Thermococcus_Cluster_1	Thermococcus_sp_Thermococcus_siculi_Thermococcus_celericrescens_Thermococcus_hydrothermalis_Thermococcus_coalescens_Thermococcus_barossii_Thermococcus_thioreducens
Bacillus_Cluster_3	Bacillus_vireti_Bacillus_novalis_Bacillus_thermocopriae_Bacillus_senegalensis_Bacillus_pocheonensis_Bacillus_mesonae_Bacillus_jeddahensis_Bacillus_fumarioli_Bacillus_arbutinivorans_Bacillus_fucosivorans_Bacillus_bataviensis_Bacillus_dielmoensis
Brachybacterium_Cluster_1	Brachybacterium_ginsengisoli_Brachybacterium_sacelli_Brachybacterium_arcticum_Brachybacterium_massiliense_Brachybacterium_fresconis
Actinoalloteichus_Cluster_1	Actinoalloteichus_sp_Actinoalloteichus_cyanogriseus_Actinoalloteichus_hoggarensis_Actinoalloteichus_hymeniacidonis
Chromobacterium_Cluster_1	Chromobacterium_violaceum_Chromobacterium_aquaticum_Chromobacterium_haemolyticum_Chromobacterium_sp_Chromobacterium_vaccinii_Chromobacterium_subtsugae_Chromobacterium_piscinae
Microbacterium_Cluster_6	Microbacterium_binotii_Microbacterium_insulae_Microbacterium_thalassium_Microbacterium_flavescens_Microbacterium_aureliae_Microbacterium_takaoensis
Nocardia_Cluster_4	Nocardia_testacea_Nocardia_rhamnosiphila_Nocardia_fusca_Nocardia_flavorosea_Nocardia_carnea_Nocardia_sienata
Microbacterium_Cluster_1	Microbacterium_terricola_Microbacterium_dextranolyticum_Microbacterium_endophyticum_Microbacterium_pumilum_Microbacterium_deminutum_Microbacterium_fluvii
Haloarcula_Cluster_1	Haloarcula_sp_Haloarcula_hispanica_Haloarcula_quadrata_Haloarcula_tradensis_Haloarcula_amylolytica_Haloarcula_salaria_Haloarcula_marismortui_Haloarcula_argentinensis_Haloarcula_californiae_Haloarcula_japonica_Haloarcula_aidinensis_Haloarcula_rubripromontorii
Mycobacterium_Cluster_9	Mycobacterium_wolinskyi_Mycobacterium_mageritense_Mycobacterium_canariasense_Mycobacterium_lacticola_Mycobacterium_goodii_Mycobacterium_cosmeticum_Mycobacterium_jacuzzii
Cellulophaga_Cluster_1	Cellulophaga_sp_Cellulophaga_baltica_Cellulophaga_algicola_Cellulophaga_fucicola_Cellulophaga_tyrosinoxydans
Chryseobacterium_Cluster_2	Chryseobacterium_jejuense_Chryseobacterium_aquifrigidense_Chryseobacterium_indologenes_Chryseobacterium_culicis
Amycolatopsis_Cluster_3	Amycolatopsis_vancoresmycina_Amycolatopsis_tolypomycina_Amycolatopsis_stemonae_Amycolatopsis_rifamycinica_Amycolatopsis_pretoriensis_Amycolatopsis_mediterranei_Amycolatopsis_bullii_Amycolatopsis_kentuckyensis
Caldicellulosiruptor_Cluster_1	Caldicellulosiruptor_saccharolyticus_Caldicellulosiruptor_hydrothermalis_Caldicellulosiruptor_bescii_Caldicellulosiruptor_kronotskyensis
Pseudomonas_Cluster_4	Pseudomonas_rhizosphaerae_Pseudomonas_benzenivorans_Pseudomonas_coleopterorum_Pseudomonas_lutea_Pseudomonas_vranovensis_Pseudomonas_viridiflava_Pseudomonas_graminis_Pseudomonas_abietaniphila
Bartonella_Cluster_3	Bartonella_washoensis_Bartonella_grahamii_Bartonella_doshiae_Bartonella_heixiaziensis_Bartonella_quintana_Bartonella_koehlerae_Bartonella_jaculi
Halanaerobium_Cluster_1	Halanaerobium_sp_Halanaerobium_saccharolyticum_Halanaerobium_kushneri_Halanaerobium_praevalens_Halanaerobium_sehlinense
Halorubrum_Cluster_1	Halorubrum_tropicale_Halorubrum_sodomense_Halorubrum_coriense_Halorubrum_californiense_Halorubrum_ezzemoulense_Halorubrum_chaoviator_Halorubrum_ejinorense
Sporosarcina_Cluster_1	Sporosarcina_thermotolerans_Sporosarcina_pasteurii_Sporosarcina_koreensis_Sporosarcina_ginsengisoli_Sporosarcina_contaminans_Sporosarcina_aquimarina_Sporosarcina_luteola
Methylobacterium_Cluster_2	Methylobacterium_oryzae_Methylobacterium_brachiatum_Methylobacterium_tardum_Methylobacterium_fujisawaense
Rathayibacter_Cluster_1	Rathayibacter_tritici_Rathayibacter_caricis_Rathayibacter_rathayi_Rathayibacter_festucae_Rathayibacter_iranicus
Rhodanobacter_Cluster_1	Rhodanobacter_denitrificans_Rhodanobacter_thiooxydans_Rhodanobacter_fulvus_Rhodanobacter_ginsenosidimutans_Rhodanobacter_soli
Streptomyces_Cluster_16	Streptomyces_varsoviensis_Streptomyces_cinnamoneus_Streptomyces_caespitosus_Streptomyces_ardus_Streptomyces_blastmyceticus
Herbaspirillum_Cluster_1	Herbaspirillum_sp_Herbaspirillum_chlorophenolicum_Herbaspirillum_seropedicae_Herbaspirillum_frisingense
Streptococcus_Cluster_1	Streptococcus_tigurinus_Streptococcus_pseudopneumoniae_Streptococcus_oligofermentans_Streptococcus_dentisani
Terribacillus_Cluster_1	Terribacillus_sp_Terribacillus_saccharophilus_Terribacillus_aidingensis_Terribacillus_goriensis_Terribacillus_halophilus
Enterococcus_Cluster_1	Enterococcus_villorum_Enterococcus_thailandicus_Enterococcus_rivorum_Enterococcus_ratti_Enterococcus_azikeevi_Enterococcus_ENA07
Xanthomonas_Cluster_2	Xanthomonas_translucens_Xanthomonas_maliensis_Xanthomonas_sacchari_Xanthomonas_melonis_Xanthomonas_fuscans_Xanthomonas_perforans_Xanthomonas_albilineans_Xanthomonas_theicola
Streptomyces_Cluster_17	Streptomyces_nogalater_Streptomyces_niveoruber_Streptomyces_griseoaurantiacus_Streptomyces_ferrugineus_Streptomyces_carpinensis_Streptomyces_brasiliensis
Nocardia_Cluster_5	Nocardia_nova_Nocardia_jiangxiensis_Nocardia_rayongensis_Nocardia_neocaledoniensis_Nocardia_asteroides_Nocardia_thailandica_Nocardia_novocastrensa
Promicromonospora_Cluster_2	Promicromonospora_vindobonensis_Promicromonospora_umidemergens_Promicromonospora_sukumoe_Promicromonospora_citrea_Promicromonospora_cymbopogonis_Promicromonospora_iranensis
Rhodococcus_Cluster_4	Rhodococcus_canchipurensis_Rhodococcus_pedocola_Rhodococcus_zopfii_Rhodococcus_coprophilus_Rhodococcus_phenolicus
Pseudomonas_Cluster_3	Pseudomonas_mediterranea_Pseudomonas_mandelii_Pseudomonas_lini_Pseudomonas_frederiksbergensis_Pseudomonas_tremae_Pseudomonas_caspiana_Pseudomonas_savastanoi_Pseudomonas_meliae_Pseudomonas_ficuserectae_Pseudomonas_congelans_Pseudomonas_amygdali_Pseudomonas_cerasi
Citrobacter_Cluster_1	Citrobacter_youngae_Citrobacter_werkmanii_Citrobacter_sp_Citrobacter_murliniae_Citrobacter_gillenii_Citrobacter_freundii_Citrobacter_braakii
Paenibacillus_Cluster_3	Paenibacillus_riograndensis_Paenibacillus_sonchi_Paenibacillus_graminis_Paenibacillus_salinicaeni_Paenibacillus_taohuashanense
Saccharopolyspora_Cluster_1	Saccharopolyspora_jiangxiensis_Saccharopolyspora_hirsuta_Saccharopolyspora_antimicrobica_Saccharopolyspora_emeiensis
Bradyrhizobium_Cluster_1	Bradyrhizobium_subterraneum_Bradyrhizobium_kavangense_Bradyrhizobium_iriomotense_Bradyrhizobium_canariense_Bradyrhizobium_arachidis
Methylobacterium_Cluster_1	Methylobacterium_zatmanii_Methylobacterium_thiocyanatum_Methylobacterium_suomiense_Methylobacterium_rhodesianum_Methylobacterium_pseudosasae_Methylobacterium_podarium_Methylobacterium_organophilum_Methylobacterium_gnaphalii_Methylobacterium_brachythecii_Methylobacterium_extorquens_Methylobacterium_aminovorans_Methylobacterium_endosymbiont
Cryobacterium_Cluster_1	Cryobacterium_sp_Cryobacterium_roopkundense_Cryobacterium_psychrophilum_Cryobacterium_luteum_Cryobacterium_flavum_Cryobacterium_levicorallinum
Aeromicrobium_Cluster_1	Aeromicrobium_panaciterrae_Aeromicrobium_ginsengisoli_Aeromicrobium_erythreum_Aeromicrobium_fastidiosum
Streptomyces_Cluster_20	Streptomyces_rosa_Streptomyces_naganishii_Streptomyces_mexicanus_Streptomyces_leeuwenhoekii_Streptomyces_hyderabadensis_Streptomyces_fumanus_Streptomyces_castaneoglobisporus_Streptomyces_alanosinicus_Streptomyces_chilikensis
Streptomyces_Cluster_19	Streptomyces_rochei_Streptomyces_ziwulingensis_Streptomyces_zinciresistens_Streptomyces_violaceorubidus_Streptomyces_violaceoruber_Streptomyces_cacaoi_Streptomyces_violaceolatus_Streptomyces_violaceochromogenes_Streptomyces_thinghirensis_Streptomyces_silaceus_Streptomyces_shandonggensis_Streptomyces_sclerogranulatus_Streptomyces_saprophyticus_Streptomyces_sahachiroi_Streptomyces_rubrogriseus_Streptomyces_rubrocyanodiastaticus_Streptomyces_radiopugnans_Streptomyces_plicatus_Streptomyces_piloviolofuscus_Streptomyces_paulus_Streptomyces_parvulus_Streptomyces_paradoxus_Streptomyces_pactum_Streptomyces_owasiensis_Streptomyces_olivoverticillatus_Streptomyces_multispiralis_Streptomyces_muensis_Streptomyces_misionensis_Streptomyces_minutiscleroticus_Streptomyces_marokkonensis_Streptomyces_maritimus_Streptomyces_malachitospinus_Streptomyces_luteocolor_Streptomyces_longissimus_Streptomyces_lividans_Streptomyces_litmocidini_Streptomyces_lienomycini_Streptomyces_lazureus_Streptomyces_krainskii_Streptomyces_koyangensis_Streptomyces_intermedius_Streptomyces_hydrogenans_Streptomyces_humiferus_Streptomyces_heteromorphus_Streptomyces_griseodotifer_Streptomyces_graminearus_Streptomyces_gougerotii_Streptomyces_goshikiensis_Streptomyces_glomeratus_Streptomyces_ghanaensis_Streptomyces_geysiriensis_Streptomyces_fungicidicus_Streptomyces_flavorectus_Streptomyces_flavofungini_Streptomyces_caesius_Streptomyces_flaveolus_Streptomyces_fabae_Streptomyces_exfoliatus_Streptomyces_eurythermus_Streptomyces_enissocaesilis_Streptomyces_daghestanicus_Streptomyces_cyanogenus_Streptomyces_cyanocolor_Streptomyces_coriofaciens_Streptomyces_collinus_Streptomyces_coerulescens_Streptomyces_coeruleorubidus_Streptomyces_coeruleofuscus_Streptomyces_coelicoflavus_Streptomyces_coelescens_Streptomyces_cinnamocastaneus_Streptomyces_cinereospinus_Streptomyces_chromofuscus_Streptomyces_brunneogriseus_Streptomyces_bellus_Streptomyces_aureoverticillatus_Streptomyces_aurantiogriseus_Streptomyces_anthocyanicus_Streptomyces_ansochromogenes_Streptomyces_andamanensis_Streptomyces_ambofaciens_Streptomyces_alfalfae_Streptomyces_akiyoshiensis_Streptomyces_carnosus
Rickettsia_Cluster_1	Rickettsia_endosymbiont_Rickettsia_Rickettsia_Rickettsia_tarasevichiae_Rickettsia_tamurae_Rickettsia_sp_Rickettsia_slovaca_Rickettsia_secondary_Rickettsia_rhipicephali_Rickettsia_raoultii_Rickettsia_prowazekii_Rickettsia_peacockii_Rickettsia_massiliae_Rickettsia_heilongjiangensis_Rickettsia_conorii_Rickettsia_africae_Rickettsia_aeschlimannii
Shewanella_Cluster_2	Shewanella_schlegeliana_Shewanella_sairae_Shewanella_halifaxensis_Shewanella_marinintestina_Shewanella_pealeana
Mycobacterium_Cluster_6	Mycobacterium_triplex_Mycobacterium_stomatepiae_Mycobacterium_simiae_Mycobacterium_shigaense_Mycobacterium_sherrisii_Mycobacterium_parmense_Mycobacterium_palustre_Mycobacterium_lentiflavum_Mycobacterium_kubicae_Mycobacterium_heidelbergense_Mycobacterium_genavense_Mycobacterium_cf_Mycobacterium_florentinum
Paracoccus_Cluster_1	Paracoccus_versutus_Paracoccus_thiophilus_Paracoccus_pantotrophus_Paracoccus_ferrooxidans_Paracoccus_bengalensis
Pseudoalteromonas_Cluster_3	Pseudoalteromonas_viridis_Pseudoalteromonas_rubra_Pseudoalteromonas_piscicida_Pseudoalteromonas_maricaloris_Pseudoalteromonas_peptidolytica
Acetobacter_Cluster_2	Acetobacter_syzygii_Acetobacter_okinawensis_Acetobacter_lambici_Acetobacter_pasteurianus_Acetobacter_ghanensis_Acetobacter_lovaniensis_Acetobacter_fabarum_Acetobacter_pomorum
Streptomyces_Cluster_35	Streptomyces_torulosus_Streptomyces_stelliscabiei_Streptomyces_scabiei_Streptomyces_neyagawaensis_Streptomyces_bottropensis_Streptomyces_ogaensis
Microbacterium_Cluster_7	Microbacterium_jejuense_Microbacterium_aquimaris_Microbacterium_yannicii_Microbacterium_trichothecenolyticum_Microbacterium_arthrosphaerae_Microbacterium_hominis_Microbacterium_proteolyticum_Microbacterium_pyrexiae_Microbacterium_trichotecenolyticum_Microbacterium_aerolatum_Microbacterium_natoriense
Acetobacter_Cluster_1	Acetobacter_persici_Acetobacter_orleanensis_Acetobacter_malorum_Acetobacter_cerevisiae_Acetobacter_persicus
Chryseobacterium_Cluster_3	Chryseobacterium_scophthalmum_Chryseobacterium_piscium_Chryseobacterium_balustinum_Chryseobacterium_indoltheticum
Brevibacillus_Cluster_1	Brevibacillus_sp_Brevibacillus_reuszeri_Brevibacillus_brevis_Brevibacillus_agri_Brevibacillus_parabrevis_Brevibacillus_formosus_Brevibacillus_nitrificans_Brevibacillus_choshinensis_Brevibacillus_centrosporus
Dactylosporangium_Cluster_2	Dactylosporangium_vinaceum_Dactylosporangium_thailandense_Dactylosporangium_sp_Dactylosporangium_siamense_Dactylosporangium_salmoneum_Dactylosporangium_maewongense_Dactylosporangium_fulvum_Dactylosporangium_cerinum_Dactylosporangium_aurantiacum_Dactylosporangium_luridum
Aeromonas_Cluster_1	Aeromonas_schubertii_Aeromonas_sanarellii_Aeromonas_australiensis_Aeromonas_allosaccharophila_Aeromonas_cavernicola_Aeromonas_diversa
Nesterenkonia_Cluster_1	Nesterenkonia_halotolerans_Nesterenkonia_sandarakina_Nesterenkonia_flava_Nesterenkonia_aethiopica_Nesterenkonia_jeotgali
Streptomyces_Cluster_1	Streptomyces_albidoflavus_Streptomyces_niveus_Streptomyces_hypolithicus_Streptomyces_albiaxialis_Streptomyces_variabilis_Streptomyces_diastaticus_Streptomyces_olivochromogenes_Streptomyces_clavifer_Streptomyces_kagawaensis_Streptomyces_globisporus_Streptomyces_microflavus_Streptomyces_anulatus_Streptomyces_xanthochromogenes_Streptomyces_viridochromogenes_Streptomyces_verne_Streptomyces_tricolor_Streptomyces_tanashiensis_Streptomyces_sindenensis_Streptomyces_setonii_Streptomyces_rubiginosohelvolus_Streptomyces_roseogilvus_Streptomyces_puniceus_Streptomyces_pratensis_Streptomyces_polyantibioticus_Streptomyces_pluricolorescens_Streptomyces_parvus_Streptomyces_paresii_Streptomyces_olivaceus_Streptomyces_nitrosporeus_Streptomyces_michiganensis_Streptomyces_melanogenes_Streptomyces_mauvecolor_Streptomyces_lunaelactis_Streptomyces_longispororuber_Streptomyces_hundungensis_Streptomyces_halstedii_Streptomyces_griseorubiginosus_Streptomyces_griseoplanus_Streptomyces_griseolus_Streptomyces_globosus_Streptomyces_fulvissimus_Streptomyces_flavolimosus_Streptomyces_flavogriseus_Streptomyces_flaveus_Streptomyces_finlayi_Streptomyces_europaeiscabiei_Streptomyces_cyaneofuscatus_Streptomyces_crystallinus_Streptomyces_cinereorectus_Streptomyces_chrysomallus_Streptomyces_chromogenus_Streptomyces_cavourensis_Streptomyces_badius_Streptomyces_aurantiacus_Streptomyces_argenteolus_Streptomyces_albidus_Streptomyces_adephospholyticus_Streptomyces_acidoresistans
Gluconobacter_Cluster_1	Gluconobacter_sphaericus_Gluconobacter_oxydans_Gluconobacter_kondonii_Gluconobacter_kanchanaburiensis_Gluconobacter_albidus_Gluconobacter_cerevisiae
Bartonella_Cluster_2	Bartonella_vinsonii_Bartonella_tribocorum_Bartonella_rattimassiliensis_Bartonella_queenslandensis_Bartonella_callosciuri_Bartonella_japonica_Bartonella_birtlesii_Bartonella_elizabethae
Cronobacter_Cluster_1	Cronobacter_turicensis_Cronobacter_sp_Cronobacter_dublinensis_Cronobacter_sakazakii_Cronobacter_malonaticus
Actinoplanes_Cluster_1	Actinoplanes_subglobosus_Actinoplanes_rutilosporangius_Actinoplanes_palleronii_Actinoplanes_missouriensis_Actinoplanes_kinshanensis_Actinoplanes_digitatis_Actinoplanes_derwentensis_Actinoplanes_awajinensis
Ancylobacter_Cluster_1	Ancylobacter_sp_Ancylobacter_dichloromethanicus_Ancylobacter_abiegnus_Ancylobacter_polymorphus_Ancylobacter_aquaticus_Ancylobacter_rudongensis
Rhodococcus_Cluster_1	Rhodococcus_yunnanensis_Rhodococcus_sovatensis_Rhodococcus_kyotonensis_Rhodococcus_cerastii_Rhodococcus_cerastrii
Actinomadura_Cluster_2	Actinomadura_vinacea_Actinomadura_meyerae_Actinomadura_cremea_Actinomadura_geliboluensis_Actinomadura_rifamycini_Actinomadura_apis
Amycolatopsis_Cluster_1	Amycolatopsis_roodepoortensis_Amycolatopsis_regifaucium_Amycolatopsis_orientalis_Amycolatopsis_lurida_Amycolatopsis_keratiniphila_Amycolatopsis_japonica_Amycolatopsis_decaplanina_Amycolatopsis_coloradensis_Amycolatopsis_azurea
Micromonospora_Cluster_2	Micromonospora_sediminicola_Micromonospora_palomenae_Micromonospora_marina_Micromonospora_mangrovi_Micromonospora_krabiensis_Micromonospora_halophytica_Micromonospora_haikouensis_Micromonospora_globosa_Micromonospora_fulvopurpurea_Micromonospora_coxensis_Micromonospora_aurantiaca_Micromonospora_brunnescens
Dactylosporangium_Cluster_1	Dactylosporangium_sucinum_Dactylosporangium_solaniradicis_Dactylosporangium_roseum_Dactylosporangium_darangshiense
Leptospira_Cluster_1	Leptospira_sp_Leptospira_broomii_Leptospira_interrogans_Leptospira_fainei_Leptospira_inadai_Leptospira_noguchii_Leptospira_kirschneri
Streptacidiphilus_Cluster_1	Streptacidiphilus_sp_Streptacidiphilus_neutrinimicus_Streptacidiphilus_hamsterleyensis_Streptacidiphilus_durhamensis_Streptacidiphilus_albus
Mannheimia_Cluster_1	Mannheimia_sp_Mannheimia_haemolytica_Mannheimia_glucosida_Mannheimia_granulomatis_Mannheimia_varigena
Terrabacter_Cluster_1	Terrabacter_terrae_Terrabacter_sp_Terrabacter_carboxydivorans_Terrabacter_aerolatus_Terrabacter_ginsenosidimutans_Terrabacter_lapilli
Mycobacterium_Cluster_2	Mycobacterium_setense_Mycobacterium_septicum_Mycobacterium_senegalense_Mycobacterium_porcinum_Mycobacterium_peregrinum_Mycobacterium_neworleansense_Mycobacterium_montmartrense_Mycobacterium_houstonense_Mycobacterium_fortuitum_Mycobacterium_farcinogenes_Mycobacterium_conceptionense_Mycobacterium_boenickei_Mycobacterium_anthracenicum_Mycobacterium_arceuilense
Halorubrum_Cluster_2	Halorubrum_trapanicum_Halorubrum_sp_Halorubrum_xinjiangense_Halorubrum_terrestre_Halorubrum_distributum_Halorubrum_litoreum
Aminobacter_Cluster_1	Aminobacter_sp_Aminobacter_niigataensis_Aminobacter_ciceronei_Aminobacter_aminovorans_Aminobacter_aganoensis
Rhodococcus_Cluster_3	Rhodococcus_rhodochrous_Rhodococcus_pyridinivorans_Rhodococcus_gordoniae_Rhodococcus_biphenylivorans_Rhodococcus_indicum
Amycolatopsis_Cluster_4	Amycolatopsis_thermoflava_Amycolatopsis_ruanii_Amycolatopsis_methanolica_Amycolatopsis_thermalba_Amycolatopsis_tucumanensis
Mycobacterium_Cluster_7	Mycobacterium_saopaulense_Mycobacterium_n_Mycobacterium_immunogenum_Mycobacterium_fuerthensis_Mycobacterium_chelonae_Mycobacterium_franklinii
Gluconacetobacter_Cluster_1	Gluconacetobacter_swingsii_Gluconacetobacter_sucrofermentans_Gluconacetobacter_europaeus_Gluconacetobacter_nataicola
Streptomyces_Cluster_38	Streptomyces_verticillus_Streptomyces_thioluteus_Streptomyces_thermolilacinus_Streptomyces_rhizosphaericus_Streptomyces_asiaticus_Streptomyces_roseoverticillatus
Leptospira_Cluster_2	Leptospira_yanagawae_Leptospira_vanthielii_Leptospira_terpstrae_Leptospira_meyeri_Leptospira_biflexa_Leptospira_wolbachii
Mycobacterium_Cluster_4	Mycobacterium_tuberculosis_Mycobacterium_pinnipedii_Mycobacterium_microti_Mycobacterium_bovis_Mycobacterium_africanum_Mycobacterium_canettii
Tsukamurella_Cluster_1	Tsukamurella_tyrosinosolvens_Tsukamurella_sp_Tsukamurella_sinensis_Tsukamurella_pulmonis_Tsukamurella_pseudospumae_Tsukamurella_hongkongensis_Tsukamurella_carboxydivorans
Streptomyces_Cluster_41	Streptomyces_marinus_Streptomyces_daqingensis_Streptomyces_xishensis_Streptomyces_abyssalis_Streptomyces_glycovorans_Streptomyces_nanshensis
