Georgenia_Cluster_1	Georgenia_sp_Georgenia_soli_Georgenia_muralis_Georgenia_ferrireducens_Georgenia_daeguensis_Georgenia_ruanii
Micromonospora_Cluster_4	Micromonospora_zeae_Micromonospora_zamorensis_Micromonospora_yulongensis_Micromonospora_violae_Micromonospora_saelicesensis_Micromonospora_matsumotoense_Micromonospora_maoerensis_Micromonospora_lycii_Micromonospora_lacustris
Endozoicomonas_Cluster_1	Endozoicomonas_elysicola_Endozoicomonas_atrinae_Endozoicomonas_numazuensis_Endozoicomonas_montiporae_Endozoicomonas_arenosclerae
Pyrococcus_Cluster_1	Pyrococcus_yayanosii_Pyrococcus_woesei_Pyrococcus_sp_Pyrococcus_horikoshii_Pyrococcus_glycovorans_Pyrococcus_abyssi_Pyrococcus_furiosus
Staphylococcus_Cluster_3	Staphylococcus_simulans_Staphylococcus_piscifermentans_Staphylococcus_condimenti_Staphylococcus_carnosus
Desulfotomaculum_Cluster_1	Desulfotomaculum_thermosubterraneum_Desulfotomaculum_sp_Desulfotomaculum_nigrificans_Desulfotomaculum_aeronauticum_Desulfotomaculum_luciae_Desulfotomaculum_kuznetsovii_Desulfotomaculum_solfataricum
Brachyspira_Cluster_1	Brachyspira_sp_Brachyspira_hampsonii_Brachyspira_pulli_Brachyspira_pilosicoli_Brachyspira_corvi_Brachyspira_innocens_Brachyspira_canis_Brachyspira_intermedia_Brachyspira_murdochii
Mycobacterium_Cluster_9	Mycobacterium_rufum_Mycobacterium_pulveris_Mycobacterium_poriferae_Mycobacterium_pallens_Mycobacterium_chlorophenolicum_Mycobacterium_brisbanense_Mycobacterium_crocinum
Methylobacterium_Cluster_2	Methylobacterium_tardum_Methylobacterium_fujisawaense_Methylobacterium_phyllostachyos_Methylobacterium_gregans_Methylobacterium_brachiatum_Methylobacterium_longum
Actinoalloteichus_Cluster_1	Actinoalloteichus_sp_Actinoalloteichus_cyanogriseus_Actinoalloteichus_hoggarensis_Actinoalloteichus_hymeniacidonis
Corynebacterium_Cluster_1	Corynebacterium_ureicelerivorans_Corynebacterium_mucifaciens_Corynebacterium_ihumii_Corynebacterium_coyleae
Streptomyces_Cluster_10	Streptomyces_yangpuensis_Streptomyces_xanthophaeus_Streptomyces_virginiae_Streptomyces_toxytricini_Streptomyces_subrutilus_Streptomyces_senoensis_Streptomyces_sakaiensis_Streptomyces_racemochromogenes_Streptomyces_polychromogenes_Streptomyces_nojiriensis_Streptomyces_nanchangensis_Streptomyces_manipurensis_Streptomyces_lysosuperificus_Streptomyces_katrae_Streptomyces_herbaricolor_Streptomyces_goshikiensis_Streptomyces_globosus_Streptomyces_gangtokensis_Streptomyces_flavotricini_Streptomyces_flaveus_Streptomyces_erythrochromogenes_Streptomyces_colombiensis_Streptomyces_cirratus_Streptomyces_cinnamonensis_Streptomyces_avidinii_Streptomyces_amritsarensis
Lysinibacillus_Cluster_1	Lysinibacillus_xylanilyticus_Lysinibacillus_odysseyi_Lysinibacillus_macroides_Lysinibacillus_pakistanensis
Streptomonospora_Cluster_1	Streptomonospora_sp_Streptomonospora_algeriensis_Streptomonospora_flavalba_Streptomonospora_amylolytica
Modestobacter_Cluster_1	Modestobacter_muralis_Modestobacter_sp_Modestobacter_versicolor_Modestobacter_multiseptatus_Modestobacter_marinus_Modestobacter_caceresii
Deinococcus_Cluster_1	Deinococcus_xianganensis_Deinococcus_soli_Deinococcus_grandis_Deinococcus_actinosclerus_Deinococcus_radiotolerans
Methanothermobacter_Cluster_1	Methanothermobacter_wolfeii_Methanothermobacter_thermautotrophicus_Methanothermobacter_marburgensis_Methanothermobacter_thermophilus
Rhodopseudomonas_Cluster_1	Rhodopseudomonas_thermotolerans_Rhodopseudomonas_oryzae_Rhodopseudomonas_faecalis_Rhodopseudomonas_pentothenatexigens
Mycobacterium_Cluster_7	Mycobacterium_sinense_Mycobacterium_kumamotonense_Mycobacterium_arupense_Mycobacterium_algericum_Mycobacterium_longobardum_Mycobacterium_coloregonium
Actinobacillus_Cluster_1	Actinobacillus_suis_Actinobacillus_pleuropneumoniae_Actinobacillus_lignieresii_Actinobacillus_genomosp_Actinobacillus_equuli_Actinobacillus_capsulatus_Actinobacillus_arthritidis
Streptomyces_Cluster_13	Streptomyces_varsoviensis_Streptomyces_pseudoechinosporeus_Streptomyces_cinnamoneus_Streptomyces_caespitosus_Streptomyces_blastmyceticus_Streptomyces_ardus
Streptomyces_Cluster_3	Streptomyces_speibonae_Streptomyces_xylophagus_Streptomyces_wuyuanensis_Streptomyces_viridodiastaticus_Streptomyces_violorubens_Streptomyces_violarus_Streptomyces_violaceus_Streptomyces_violaceoruber_Streptomyces_violaceochromogenes_Streptomyces_vinaceus_Streptomyces_tunisiensis_Streptomyces_tumenensis_Streptomyces_tuirus_Streptomyces_toyocaensis_Streptomyces_thermoluteus_Streptomyces_thermocarboxydus_Streptomyces_tendae_Streptomyces_stramineus_Streptomyces_setonii_Streptomyces_rubrogriseus_Streptomyces_roseoviolaceus_Streptomyces_roseorubens_Streptomyces_resistomycificus_Streptomyces_purpurascens_Streptomyces_pseudogriseolus_Streptomyces_plemorphus_Streptomyces_piloviolofuscus_Streptomyces_phaeochromogenes_Streptomyces_parvulus_Streptomyces_paradoxus_Streptomyces_owasiensis_Streptomyces_olivoverticillatus_Streptomyces_olivaceus_Streptomyces_misionensis_Streptomyces_microflavus_Streptomyces_matensis_Streptomyces_massasporeus_Streptomyces_marokkonensis_Streptomyces_malachitofuscus_Streptomyces_macrosporeus_Streptomyces_luteosporeus_Streptomyces_luteogriseus_Streptomyces_longispororuber_Streptomyces_lienomycini_Streptomyces_levis_Streptomyces_lateritius_Streptomyces_labedae_Streptomyces_inaequalis_Streptomyces_iakyrus_Streptomyces_hydrogenans_Streptomyces_hawaiiensis_Streptomyces_griseoruber_Streptomyces_griseorubens_Streptomyces_griseoloalbus_Streptomyces_griseoincarnatus_Streptomyces_griseoflavus_Streptomyces_ghanaensis_Streptomyces_flavoviridis_Streptomyces_erythrogriseus_Streptomyces_djakartensis_Streptomyces_cyaneus_Streptomyces_coerulescens_Streptomyces_coeruleorubidus_Streptomyces_coeruleofuscus_Streptomyces_chartreusis_Streptomyces_capillispiralis_Streptomyces_caelestis_Streptomyces_bellus_Streptomyces_azureus_Streptomyces_aureofaciens_Streptomyces_aurantiacus_Streptomyces_atrovirens_Streptomyces_atratus_Streptomyces_arenae_Streptomyces_ambofaciens_Streptomyces_althioticus_Streptomyces_albosporeus_Streptomyces_albogriseolus_Streptomyces_akiyoshiensis_Streptomyces_africanus_Streptomyces_afghaniensis
Bacillus_Cluster_4	Bacillus_toyonensis_Bacillus_thuringiensis_Bacillus_anthracis_Bacillus_weihenstephanensis_Bacillus_pseudomycoides_Bacillus_phage_Bacillus_mycoides_Bacillus_meqaterium_Bacillus_gaemokensis_Bacillus_bombysepticus
Sphingobacterium_Cluster_1	Sphingobacterium_siyangense_Sphingobacterium_pakistanense_Sphingobacterium_multivorum_Sphingobacterium_ginsenosidimutans_Sphingobacterium_detergens_Sphingobacterium_cladoniae_Sphingobacterium_caeni_Sphingobacterium_canadense
Kribbella_Cluster_3	Kribbella_sp_Kribbella_solani_Kribbella_shirazensis_Kribbella_jejuensis_Kribbella_aluminosa_Kribbella_hippodromi
Pseudomonas_Cluster_6	Pseudomonas_taeanensis_Pseudomonas_seleniipraecipitans_Pseudomonas_kuykendallii_Pseudomonas_capeferrum
Borrelia_Cluster_1	Borrelia_sp_Borrelia_burgdorferi_Borrelia_americana_Borrelia_bissettii_Borrelia_carolinensis_Borrelia_afzelii_Borrelia_mayonii
Microbacterium_Cluster_3	Microbacterium_paraoxydans_Microbacterium_testaceum_Microbacterium_yannicii_Microbacterium_xylanilyticum_Microbacterium_luticocti_Microbacterium_azadirachtae_Microbacterium_trichothecenolyticum_Microbacterium_trichotecenolyticum_Microbacterium_takaoensis_Microbacterium_saperdae_Microbacterium_resistens_Microbacterium_proteolyticum_Microbacterium_natoriense_Microbacterium_mitrae_Microbacterium_laevaniformans_Microbacterium_kyungheense_Microbacterium_hydrothermale_Microbacterium_hydrocarbonoxydans_Microbacterium_hominis_Microbacterium_gorillae_Microbacterium_ginsengiterrae_Microbacterium_ginsengisoli_Microbacterium_foliorum_Microbacterium_dextranolyticum_Microbacterium_arthrosphaerae_Microbacterium_aerolatum_Microbacterium_enclense
Chryseomicrobium_Cluster_1	Chryseomicrobium_sp_Chryseomicrobium_imtechense_Chryseomicrobium_aureum_Chryseomicrobium_amylolyticum
Bacillus_Cluster_1	Bacillus_selenatarsenatis_Bacillus_thioparans_Bacillus_subterraneus_Bacillus_stamsii_Bacillus_jeotgali_Bacillus_boroniphilus_Bacillus_aeris
Marinococcus_Cluster_1	Marinococcus_tarijensis_Marinococcus_sp_Marinococcus_halotolerans_Marinococcus_halophilus_Marinococcus_luteus
Bradyrhizobium_Cluster_1	Bradyrhizobium_yuanmingense_Bradyrhizobium_vignae_Bradyrhizobium_subterraneum_Bradyrhizobium_liaoningense_Bradyrhizobium_kavangense_Bradyrhizobium_iriomotense_Bradyrhizobium_genosp_Bradyrhizobium_canariense_Bradyrhizobium_arachidis
Paenibacillus_Cluster_2	Paenibacillus_zanthoxyli_Paenibacillus_sophorae_Paenibacillus_sabinae_Paenibacillus_durus_Paenibacillus_brassicae
Acinetobacter_Cluster_1	Acinetobacter_vivianii_Acinetobacter_proteolyticus_Acinetobacter_plantarum_Acinetobacter_modestus_Acinetobacter_indicus_Acinetobacter_gyllenbergii_Acinetobacter_gerneri_Acinetobacter_courvalinii_Acinetobacter_bereziniae_Acinetobacter_beijerinckii_Acinetobacter_berezinae
Streptomyces_Cluster_22	Streptomyces_ovatisporus_Streptomyces_nanshensis_Streptomyces_marinus_Streptomyces_abyssalis_Streptomyces_haliclonae_Streptomyces_daqingensis
Idiomarina_Cluster_1	Idiomarina_zobellii_Idiomarina_seosinensis_Idiomarina_baltica_Idiomarina_aquatica_Idiomarina_piscisalsi
Psychrobacter_Cluster_3	Psychrobacter_piscidermidis_Psychrobacter_piscatorii_Psychrobacter_pacificensis_Psychrobacter_namhaensis_Psychrobacter_celer_Psychrobacter_aquimaris_Psychrobacter_alimentarius_Psychrobacter_muriicola
Mesorhizobium_Cluster_2	Mesorhizobium_waimense_Mesorhizobium_silamurunense_Mesorhizobium_septentrionale_Mesorhizobium_plurifarium_Mesorhizobium_amorphae_Mesorhizobium_acaciae_Mesorhizobium_opportunistum_Mesorhizobium_jarvisii_Mesorhizobium_huakuii_Mesorhizobium_genosp_Mesorhizobium_abyssinicae_Mesorhizobium_shonense
Jeotgalibacillus_Cluster_1	Jeotgalibacillus_marinus_Jeotgalibacillus_campisalis_Jeotgalibacillus_soli_Jeotgalibacillus_sp_Jeotgalibacillus_salarius_Jeotgalibacillus_malaysiensis_Jeotgalibacillus_alimentarius
Pseudogulbenkiania_Cluster_1	Pseudogulbenkiania_sp_Pseudogulbenkiania_ferrooxidans_Pseudogulbenkiania_gefcensis_Pseudogulbenkiania_subflava
Bacillus_Cluster_5	Bacillus_novalis_Bacillus_massiliglaciei_Bacillus_maritimus_Bacillus_gottheilii_Bacillus_cavernae_Bacillus_caccae
Lactobacillus_Cluster_1	Lactobacillus_senioris_Lactobacillus_diolivorans_Lactobacillus_curieae_Lactobacillus_hilgardii_Lactobacillus_faeni_Lactobacillus_farraginis
Ochrobactrum_Cluster_1	Ochrobactrum_tritici_Ochrobactrum_intermedium_Ochrobactrum_haematophilum_Ochrobactrum_anthropi_Ochrobactrum_daejeonense
Erythrobacter_Cluster_1	Erythrobacter_vulgaris_Erythrobacter_sp_Erythrobacter_longus_Erythrobacter_aquimaris_Erythrobacter_piscidermidis_Erythrobacter_nanhaisediminis_Erythrobacter_flavus_Erythrobacter_citreus
Microbulbifer_Cluster_2	Microbulbifer_salipaludis_Microbulbifer_mangrovi_Microbulbifer_cystodytense_Microbulbifer_pacificus_Microbulbifer_okinawensis_Microbulbifer_marinus_Microbulbifer_hydrolyticus_Microbulbifer_gwangyangensis_Microbulbifer_epialgicus
Paenibacillus_Cluster_1	Paenibacillus_pocheonensis_Paenibacillus_chondroitinus_Paenibacillus_alginolyticus_Paenibacillus_aceris
Halomonas_Cluster_5	Halomonas_stenophila_Halomonas_rifensis_Halomonas_lutea_Halomonas_cerina_Halomonas_aidingensis_Halomonas_nitroreducens
Streptomyces_Cluster_1	Streptomyces_lavendulocolor_Streptomyces_albidoflavus_Streptomyces_yaanensis_Streptomyces_triostinicus_Streptomyces_shenzhenensis_Streptomyces_seoulensis_Streptomyces_sasae_Streptomyces_roseochromogenus_Streptomyces_rhizophilus_Streptomyces_recifensis_Streptomyces_puniciscabiei_Streptomyces_psammoticus_Streptomyces_panaciradicis_Streptomyces_olivicoloratus_Streptomyces_novaecaesareae_Streptomyces_murinus_Streptomyces_misawanensis_Streptomyces_miharaensis_Streptomyces_mangrovisoli_Streptomyces_lucensis_Streptomyces_longwoodensis_Streptomyces_lanatus_Streptomyces_kathirae_Streptomyces_jiujiangensis_Streptomyces_griseovariabilis_Streptomyces_griseoluteus_Streptomyces_graminisoli_Streptomyces_gramineus_Streptomyces_ginsengisoli_Streptomyces_gilvifuscus_Streptomyces_fuscichromogenes_Streptomyces_fulvoviolaceus_Streptomyces_filipinensis_Streptomyces_echinatus_Streptomyces_durhamensis_Streptomyces_drozdowiczii_Streptomyces_diastatochromogenes_Streptomyces_collinus_Streptomyces_atroolivaceus_Streptomyces_actinomycinicus
Rhodococcus_Cluster_4	Rhodococcus_pyridinivorans_Rhodococcus_coprophilus_Rhodococcus_gordoniae_Rhodococcus_biphenylivorans_Rhodococcus_artemisiae_Rhodococcus_indicum
Exiguobacterium_Cluster_2	Exiguobacterium_sibiricum_Exiguobacterium_artemiae_Exiguobacterium_antarcticum_Exiguobacterium_oxidotolerans
Mycobacterium_Cluster_5	Mycobacterium_smegmatis_Mycobacterium_setense_Mycobacterium_septicum_Mycobacterium_senegalense_Mycobacterium_porcinum_Mycobacterium_parafortuitum_Mycobacterium_neworleansense_Mycobacterium_montmartrense_Mycobacterium_isoniacini_Mycobacterium_hodleri_Mycobacterium_fortuitum_Mycobacterium_arabiense_Mycobacterium_houstonense_Mycobacterium_goodii_Mycobacterium_fluoranthenivorans_Mycobacterium_farcinogenes_Mycobacterium_conceptionense_Mycobacterium_boenickei_Mycobacterium_anthracenicum_Mycobacterium_arceuilense
Halorubrum_Cluster_1	Halorubrum_xinjiangense_Halorubrum_terrestre_Halorubrum_litoreum_Halorubrum_chaoviator_Halorubrum_distributum
Methylophaga_Cluster_1	Methylophaga_thalassica_Methylophaga_marina_Methylophaga_aminisulfidivorans_Methylophaga_sulfidovorans
Aliivibrio_Cluster_1	Aliivibrio_wodanis_Aliivibrio_logei_Aliivibrio_fischeri_Aliivibrio_salmonicida_Aliivibrio_finisterrensis_Aliivibrio_sifiae
Pseudonocardia_Cluster_3	Pseudonocardia_yuanmonensis_Pseudonocardia_kujensis_Pseudonocardia_halophobica_Pseudonocardia_oroxyli_Pseudonocardia_profundimaris
Actinopolyspora_Cluster_2	Actinopolyspora_xinjiangensis_Actinopolyspora_righensis_Actinopolyspora_mortivallis_Actinopolyspora_lacussalsi
Streptomyces_Cluster_6	Streptomyces_zagrosensis_Streptomyces_yunnanensis_Streptomyces_youssoufiensis_Streptomyces_pactum_Streptomyces_mycarofaciens_Streptomyces_mutabilis_Streptomyces_lunalinharesii_Streptomyces_griseolus_Streptomyces_endosymbiont_Streptomyces_albus_Streptomyces_albulus_Streptomyces_ahygroscopicus_Streptomyces_albogriseus
Aminobacter_Cluster_1	Aminobacter_sp_Aminobacter_niigataensis_Aminobacter_ciceronei_Aminobacter_aminovorans_Aminobacter_aganoensis
Bifidobacterium_Cluster_1	Bifidobacterium_subtile_Bifidobacterium_pullorum_Bifidobacterium_gallinarum_Bifidobacterium_saeculare
Citrobacter_Cluster_1	Citrobacter_youngae_Citrobacter_werkmanii_Citrobacter_sp_Citrobacter_pasteurii_Citrobacter_murliniae_Citrobacter_koseri_Citrobacter_gillenii_Citrobacter_europaeus_Citrobacter_braakii_Citrobacter_TNT5_Citrobacter_TNT4
Parageobacillus_Cluster_1	Parageobacillus_thermoglucosidans_Parageobacillus_thermantarcticus_Parageobacillus_thermoglucosidasius
Pseudomonas_Cluster_1	Pseudomonas_vranovensis_Pseudomonas_multiaromavorans_Pseudomonas_lundensis_Pseudomonas_japonica_Pseudomonas_fuscovaginae_Pseudomonas_filiscindens_Pseudomonas_donghuensis_Pseudomonas_cichorii_Pseudomonas_alkylphenolica_Pseudomonas_alkylphenolia
Caldicellulosiruptor_Cluster_1	Caldicellulosiruptor_saccharolyticus_Caldicellulosiruptor_lactoaceticus_Caldicellulosiruptor_kristjanssonii_Caldicellulosiruptor_acetigenus
Cryptosporangium_Cluster_1	Cryptosporangium_mongoliense_Cryptosporangium_minutisporangium_Cryptosporangium_japonicum_Cryptosporangium_cibodasense_Cryptosporangium_aurantiacum
Yersinia_Cluster_1	Yersinia_wautersii_Yersinia_sp_Yersinia_similis_Yersinia_ruckeri_Yersinia_rohdei_Yersinia_pseudotuberculosis_Yersinia_pestis_Yersinia_aldovae_Yersinia_pekkanenii_Yersinia_mollaretii_Yersinia_massiliensis_Yersinia_kristensenii_Yersinia_intermedia_Yersinia_frederiksenii_Yersinia_enterocolitica_Yersinia_bercovieri_Yersinia_aleksiciae
Sphingobacterium_Cluster_2	Sphingobacterium_sp_Sphingobacterium_mizutaii_Sphingobacterium_lactis_Sphingobacterium_cellulitidis_Sphingobacterium_daejeonense
Rhizobium_Cluster_2	Rhizobium_undicola_Rhizobium_borbori_Rhizobium_straminoryzae_Rhizobium_rhizoryzae_Rhizobium_pseudoryzae_Rhizobium_oryzicola_Rhizobium_helianthi_Rhizobium_cnuense_Rhizobium_cellulosilyticus_Rhizobium_capsici
Achromobacter_Cluster_1	Achromobacter_ruhlandii_Achromobacter_pulmonis_Achromobacter_piechaudii_Achromobacter_marplatensis_Achromobacter_insuavis_Achromobacter_insolitus_Achromobacter_arsenitoxydans_Achromobacter_anxifer_Achromobacter_animicus_Achromobacter_aegrifaciens
Kitasatospora_Cluster_1	Kitasatospora_recifensis_Kitasatospora_atroaurantiaca_Kitasatospora_arboriphila_Kitasatospora_cineracea
Mesorhizobium_Cluster_3	Mesorhizobium_tianshanense_Mesorhizobium_temperatum_Mesorhizobium_tamadayense_Mesorhizobium_soli_Mesorhizobium_robiniae_Mesorhizobium_prunaredense_Mesorhizobium_muleiense_Mesorhizobium_metallidurans_Mesorhizobium_mediterraneum_Mesorhizobium_gobiense_Mesorhizobium_delmotii_Mesorhizobium_caraganae_Mesorhizobium_tarimense
Lactobacillus_Cluster_2	Lactobacillus_paralimentarius_Lactobacillus_alimentarius_Lactobacillus_crustorum_Lactobacillus_nantensis_Lactobacillus_mindensis_Lactobacillus_kimchiensis_Lactobacillus_heilongjiangensis_Lactobacillus_farciminis_Lactobacillus_formosensis
Streptomyces_Cluster_12	Streptomyces_yogyakartensis_Streptomyces_yatensis_Streptomyces_vayuensis_Streptomyces_samsunensis_Streptomyces_niger_Streptomyces_melanosporofaciens_Streptomyces_malaysiensis_Streptomyces_javensis_Streptomyces_iranensis_Streptomyces_endus_Streptomyces_demainii_Streptomyces_caatingaensis_Streptomyces_autolyticus_Streptomyces_antimycoticus
Microbulbifer_Cluster_1	Microbulbifer_variabilis_Microbulbifer_taiwanensis_Microbulbifer_sp_Microbulbifer_rhizosphaerae_Microbulbifer_maritimus_Microbulbifer_elongatus_Microbulbifer_celer_Microbulbifer_agarilyticus_Microbulbifer_chitinilyticus
Bartonella_Cluster_3	Bartonella_vinsonii_Bartonella_tribocorum_Bartonella_rattimassiliensis_Bartonella_queenslandensis_Bartonella_birtlesii_Bartonella_callosciuri_Bartonella_japonica_Bartonella_elizabethae
Acetobacter_Cluster_1	Acetobacter_persici_Acetobacter_orleanensis_Acetobacter_malorum_Acetobacter_cerevisiae_Acetobacter_persicus
Xanthobacter_Cluster_1	Xanthobacter_tagetidis_Xanthobacter_flavus_Xanthobacter_autotrophicus_Xanthobacter_aminoxidans_Xanthobacter_sp
Cellulosimicrobium_Cluster_1	Cellulosimicrobium_sp_Cellulosimicrobium_cellulans_Cellulosimicrobium_funkei_Cellulosimicrobium_aquatile
Citricoccus_Cluster_1	Citricoccus_zhacaiensis_Citricoccus_sp_Citricoccus_parietis_Citricoccus_alkalitolerans_Citricoccus_muralis
Pseudoxanthomonas_Cluster_2	Pseudoxanthomonas_jiangsuensis_Pseudoxanthomonas_taiwanensis_Pseudoxanthomonas_suwonensis_Pseudoxanthomonas_byssovorax
Novosphingobium_Cluster_2	Novosphingobium_panipatense_Novosphingobium_pentaromativorans_Novosphingobium_naphthalenivorans_Novosphingobium_gossypii_Novosphingobium_guangzhouense
Flavobacterium_Cluster_3	Flavobacterium_yonginense_Flavobacterium_segetis_Flavobacterium_psychrolimnae_Flavobacterium_myungsuense_Flavobacterium_fluvii
Paenibacillus_Cluster_4	Paenibacillus_gorillae_Paenibacillus_glycanilyticus_Paenibacillus_catalpae_Paenibacillus_lupini_Paenibacillus_radicis
Micrococcus_Cluster_2	Micrococcus_yunnanensis_Micrococcus_luteus_Micrococcus_aloeverae_Micrococcus_indicus_Micrococcus_aquilus
Streptomyces_Cluster_20	Streptomyces_xinghaiensis_Streptomyces_iconiensis_Streptomyces_chungwhensis_Streptomyces_chumphonensis
Kribbella_Cluster_1	Kribbella_swartbergensis_Kribbella_pittospori_Kribbella_italica_Kribbella_flavida_Kribbella_endophytica_Kribbella_albertanoniae
Pseudomonas_Cluster_5	Pseudomonas_proteolytica_Pseudomonas_palleroniana_Pseudomonas_mucidolens_Pseudomonas_syncyanea_Pseudomonas_simiae_Pseudomonas_salomonii_Pseudomonas_paralactis_Pseudomonas_meridiana_Pseudomonas_marginalis_Pseudomonas_lurida_Pseudomonas_lactis_Pseudomonas_grimontii_Pseudomonas_extremorientalis_Pseudomonas_extremaustralis_Pseudomonas_costantinii_Pseudomonas_cf_Pseudomonas_cedrina_Pseudomonas_auricularis_Pseudomonas_canadensis
Meiothermus_Cluster_1	Meiothermus_taiwanensis_Meiothermus_rosaceus_Meiothermus_cateniformans_Meiothermus_cerbereus_Meiothermus_ruber
Acinetobacter_Cluster_3	Acinetobacter_pittii_Acinetobacter_nosocomialis_Acinetobacter_lactucae_Acinetobacter_calcoaceticus_Acinetobacter_oleivorans_Acinetobacter_seifertii
Sulfitobacter_Cluster_2	Sulfitobacter_porphyrae_Sulfitobacter_pacificus_Sulfitobacter_geojensis_Sulfitobacter_noctilucae_Sulfitobacter_noctilucicola
Microbispora_Cluster_1	Microbispora_sp_Microbispora_rosea_Microbispora_amethystogenes_Microbispora_hainanensis_Microbispora_bryophytorum_Microbispora_camponoti
Agromyces_Cluster_1	Agromyces_ulmi_Agromyces_subtropicus_Agromyces_flavus_Agromyces_marinus_Agromyces_soli_Agromyces_mediolanus_Agromyces_italicus_Agromyces_indicus_Agromyces_aurantiacus_Agromyces_arachidis
Neptunomonas_Cluster_1	Neptunomonas_sp_Neptunomonas_antarctica_Neptunomonas_naphthovorans_Neptunomonas_concharum_Neptunomonas_acidivorans_Neptunomonas_phycophila
Myceligenerans_Cluster_1	Myceligenerans_xiligouense_Myceligenerans_halotolerans_Myceligenerans_crystallogenes_Myceligenerans_cantabricum
Haloarcula_Cluster_1	Haloarcula_vallismortis_Haloarcula_tradensis_Haloarcula_salaria_Haloarcula_quadrata_Haloarcula_marismortui_Haloarcula_japonica_Haloarcula_hispanica_Haloarcula_amylolytica_Haloarcula_argentinensis
Pseudarthrobacter_Cluster_1	Pseudarthrobacter_sulfonivorans_Pseudarthrobacter_sp_Pseudarthrobacter_siccitolerans_Pseudarthrobacter_polychromogenes_Pseudarthrobacter_oxydans_Pseudarthrobacter_chlorophenolicus_Pseudarthrobacter_defluvii_Pseudarthrobacter_phenanthrenivorans
Sphingobium_Cluster_1	Sphingobium_quisquiliarum_Sphingobium_mellinum_Sphingobium_herbicidovorans_Sphingobium_fuliginis_Sphingobium_barthaii
Thermosipho_Cluster_1	Thermosipho_sp_Thermosipho_atlanticus_Thermosipho_africanus_Thermosipho_globiformans_Thermosipho_melanesiensis
Halobacillus_Cluster_1	Halobacillus_sp_Halobacillus_naozhouensis_Halobacillus_mangrovi_Halobacillus_hunanensis_Halobacillus_halophilus_Halobacillus_alkaliphilus
Mycobacterium_Cluster_11	Mycobacterium_saopaulense_Mycobacterium_n_Mycobacterium_immunogenum_Mycobacterium_fuerthensis_Mycobacterium_chelonae_Mycobacterium_franklinii
Mannheimia_Cluster_1	Mannheimia_varigena_Mannheimia_sp_Mannheimia_haemolytica_Mannheimia_glucosida_Mannheimia_granulomatis
Cellulomonas_Cluster_1	Cellulomonas_denverensis_Cellulomonas_hominis_Cellulomonas_chitinilytica_Cellulomonas_cellasea_Cellulomonas_composti_Cellulomonas_massiliensis
Micromonospora_Cluster_3	Micromonospora_schwarzwaldensis_Micromonospora_narashino_Micromonospora_maritima_Micromonospora_chalcea_Micromonospora_humi
Aeromicrobium_Cluster_1	Aeromicrobium_sp_Aeromicrobium_choanae_Aeromicrobium_ginsengisoli_Aeromicrobium_fastidiosum_Aeromicrobium_panaciterrae_Aeromicrobium_marinum_Aeromicrobium_erythreum_Aeromicrobium_halocynthiae
Enterococcus_Cluster_3	Enterococcus_xiangfangensis_Enterococcus_viikkiensis_Enterococcus_raffinosus_Enterococcus_pseudoavium_Enterococcus_pallens_Enterococcus_malodoratus_Enterococcus_hermanniensis_Enterococcus_hawaiiensis_Enterococcus_gilvus_Enterococcus_avium_Enterococcus_devriesei
Streptomyces_Cluster_18	Streptomyces_showdoensis_Streptomyces_laculatispora_Streptomyces_beijiangensis_Streptomyces_brevispora
Sporosarcina_Cluster_1	Sporosarcina_ureae_Sporosarcina_thermotolerans_Sporosarcina_saromensis_Sporosarcina_psychrophila_Sporosarcina_pasteurii_Sporosarcina_koreensis_Sporosarcina_ginsengisoli_Sporosarcina_newyorkensis
Herbaspirillum_Cluster_1	Herbaspirillum_seropedicae_Herbaspirillum_huttiense_Herbaspirillum_aquaticum_Herbaspirillum_frisingense_Herbaspirillum_chlorophenolicum
Shewanella_Cluster_2	Shewanella_oneidensis_Shewanella_gaetbuli_Shewanella_basaltis_Shewanella_algicola_Shewanella_inventionis
Microbacterium_Cluster_2	Microbacterium_terricola_Microbacterium_sediminis_Microbacterium_sediminicola_Microbacterium_neimengense_Microbacterium_lemovicicum_Microbacterium_hatanonis_Microbacterium_halimionae_Microbacterium_endophyticum_Microbacterium_deminutum_Microbacterium_binotii_Microbacterium_diaminobutyricum
Gracilibacillus_Cluster_1	Gracilibacillus_thailandensis_Gracilibacillus_saliphilus_Gracilibacillus_lacisalsi_Gracilibacillus_sp_Gracilibacillus_ureilyticus
Thermoanaerobacter_Cluster_1	Thermoanaerobacter_sp_Thermoanaerobacter_pseudethanolicus_Thermoanaerobacter_brockii_Thermoanaerobacter_ethanolicus
Gluconacetobacter_Cluster_1	Gluconacetobacter_sp_Gluconacetobacter_persimmonis_Gluconacetobacter_hansenii_Gluconacetobacter_maltiaceti
Vibrio_Cluster_5	Vibrio_pomeroyi_Vibrio_kanaloae_Vibrio_gigantis_Vibrio_crassostreae_Vibrio_chagasii_Vibrio_cyclitrophicus_Vibrio_celticus_Vibrio_atlanticus_Vibrio_artabrorum_Vibrio_toranzoniae
Streptomyces_Cluster_24	Streptomyces_turgidiscabies_Streptomyces_tauricus_Streptomyces_ryensis_Streptomyces_lavendulae_Streptomyces_lacrimifluminis_Streptomyces_deccanensis_Streptomyces_graminilatus
Alteromonas_Cluster_1	Alteromonas_tagae_Alteromonas_australica_Alteromonas_simiduii_Alteromonas_litorea_Alteromonas_genovensis_Alteromonas_genoviensis_Alteromonas_mediterranea
Nonomuraea_Cluster_2	Nonomuraea_thailandensis_Nonomuraea_syzygii_Nonomuraea_solani_Nonomuraea_shaanxiensis_Nonomuraea_rhizophila_Nonomuraea_purpurea_Nonomuraea_monospora
Acinetobacter_Cluster_4	Acinetobacter_venetianus_Acinetobacter_soli_Acinetobacter_baylyi_Acinetobacter_antiviralis_Acinetobacter_towneri_Acinetobacter_seohaensis
Pedobacter_Cluster_1	Pedobacter_trunci_Pedobacter_panaciterrae_Pedobacter_nyackensis_Pedobacter_jejuensis_Pedobacter_africanus
Bacillus_Cluster_3	Bacillus_mojavensis_Bacillus_tequilensis_Bacillus_siamensis_Bacillus_polyfermenticus_Bacillus_halotolerans_Bacillus_atrophaeus_Bacillus_agaradhaerens
Pseudoalteromonas_Cluster_3	Pseudoalteromonas_tetraodonis_Pseudoalteromonas_xishaensis_Pseudoalteromonas_undina_Pseudoalteromonas_shioyasakiensis_Pseudoalteromonas_prydzensis_Pseudoalteromonas_profundi_Pseudoalteromonas_mariniglutinosa_Pseudoalteromonas_luteoviolacea_Pseudoalteromonas_hodoensis_Pseudoalteromonas_gelatinilytica_Pseudoalteromonas_espejiana_Pseudoalteromonas_carrageenovora_Pseudoalteromonas_atlantica_Pseudoalteromonas_arabiensis_Pseudoalteromonas_aestuariivivens_Pseudoalteromonas_chazhmella
Bacillus_Cluster_2	Bacillus_stratosphericus_Bacillus_australimaris_Bacillus_zhangzhouensis_Bacillus_xiamenensis_Bacillus_virus_Bacillus_altitudinis_Bacillus_aerius_Bacillus_aerophilus
Salinicoccus_Cluster_1	Salinicoccus_qingdaonensis_Salinicoccus_alkaliphilus_Salinicoccus_sp_Salinicoccus_kekensis_Salinicoccus_carnicancri_Salinicoccus_sediminis
Pontibacter_Cluster_1	Pontibacter_odishensis_Pontibacter_korlensis_Pontibacter_aurantiacus_Pontibacter_actiniarum_Pontibacter_niistensis_Pontibacter_mucosus_Pontibacter_chinhatensis
Corynebacterium_Cluster_3	Corynebacterium_variabile_Corynebacterium_terpenotabidum_Corynebacterium_freiburgense_Corynebacterium_provencense
Dietzia_Cluster_1	Dietzia_psychralcaliphila_Dietzia_natronolimnaea_Dietzia_dagingensis_Dietzia_cercidiphylli_Dietzia_daqingensis
Pseudomonas_Cluster_4	Pseudomonas_rhizosphaerae_Pseudomonas_gingeri_Pseudomonas_agarici_Pseudomonas_oryzihabitans_Pseudomonas_jessenii_Pseudomonas_benzenivorans
Sphaerisporangium_Cluster_1	Sphaerisporangium_siamense_Sphaerisporangium_rubeum_Sphaerisporangium_album_Sphaerisporangium_aureirubrum
Bradyrhizobium_Cluster_3	Bradyrhizobium_viridifuturi_Bradyrhizobium_valentinum_Bradyrhizobium_tropiciagri_Bradyrhizobium_stylosanthis_Bradyrhizobium_retamae_Bradyrhizobium_paxllaeri_Bradyrhizobium_pachyrhizi_Bradyrhizobium_ottawaense_Bradyrhizobium_oligotrophicum_Bradyrhizobium_neotropicale_Bradyrhizobium_lupini_Bradyrhizobium_lablabi_Bradyrhizobium_jicamae_Bradyrhizobium_ingae_Bradyrhizobium_icense_Bradyrhizobium_huanghuaihaiense_Bradyrhizobium_guangxiense_Bradyrhizobium_group_Bradyrhizobium_erythrophlei_Bradyrhizobium_diazoefficiens_Bradyrhizobium_denitrificans_Bradyrhizobium_daqingense_Bradyrhizobium_betae_Bradyrhizobium_embrapense
Rhizobium_Cluster_1	Rhizobium_vallis_Rhizobium_tropici_Rhizobium_sophoriradicis_Rhizobium_sophorae_Rhizobium_rubi_Rhizobium_rhizogenes_Rhizobium_pisi_Rhizobium_phaseoli_Rhizobium_paranaense_Rhizobium_multihospitium_Rhizobium_mongolense_Rhizobium_miluonense_Rhizobium_mayense_Rhizobium_lusitanum_Rhizobium_leucaenae_Rhizobium_lentis_Rhizobium_leguminosarum_Rhizobium_laguerreae_Rhizobium_jaguaris_Rhizobium_indigoferae_Rhizobium_hainanense_Rhizobium_genosp_Rhizobium_freirei_Rhizobium_fabae_Rhizobium_etli_Rhizobium_ecuadorense_Rhizobium_calliandrae_Rhizobium_binae_Rhizobium_bangladeshense_Rhizobium_anhuiense_Rhizobium_aegyptiacum_Rhizobium_acidisoli
Arenibacter_Cluster_1	Arenibacter_troitsensis_Arenibacter_palladensis_Arenibacter_echinorum_Arenibacter_algicola_Arenibacter_latericius
Saccharopolyspora_Cluster_1	Saccharopolyspora_jiangxiensis_Saccharopolyspora_indica_Saccharopolyspora_hordei_Saccharopolyspora_hirsuta_Saccharopolyspora_antimicrobica_Saccharopolyspora_emeiensis
Castellaniella_Cluster_1	Castellaniella_ginsengisoli_Castellaniella_denitrificans_Castellaniella_defragrans_Castellaniella_caeni
Lysobacter_Cluster_1	Lysobacter_yangpyeongensis_Lysobacter_terrae_Lysobacter_rhizosphaerae_Lysobacter_niabensis_Lysobacter_fragariae
Amycolatopsis_Cluster_2	Amycolatopsis_vancoresmycina_Amycolatopsis_tolypomycina_Amycolatopsis_stemonae_Amycolatopsis_rifamycinica_Amycolatopsis_pretoriensis_Amycolatopsis_mediterranei_Amycolatopsis_kentuckyensis_Amycolatopsis_bullii_Amycolatopsis_balhimycina
Bartonella_Cluster_4	Bartonella_washoensis_Bartonella_grahamii_Bartonella_doshiae_Bartonella_heixiaziensis_Bartonella_quintana_Bartonella_koehlerae_Bartonella_jaculi
Microbacterium_Cluster_4	Microbacterium_arabinogalactanolyticum_Microbacterium_esteraromaticum_Microbacterium_jejuense_Microbacterium_aquimaris
Mesorhizobium_Cluster_1	Mesorhizobium_waitakense_Mesorhizobium_sophorae_Mesorhizobium_sangaii_Mesorhizobium_newzealandense_Mesorhizobium_kowhaii
Erwinia_Cluster_1	Erwinia_typographi_Erwinia_toletana_Erwinia_persicina_Erwinia_amylovora_Erwinia_endophytica_Erwinia_piriflorinigrans_Erwinia_mallotivora_Erwinia_pyrifoliae
Sulfitobacter_Cluster_1	Sulfitobacter_mediterraneus_Sulfitobacter_japonica_Sulfitobacter_guttiformis_Sulfitobacter_delicatus_Sulfitobacter_brevis_Sulfitobacter_donghicola_Sulfitobacter_marinus
Bradyrhizobium_Cluster_2	Bradyrhizobium_rifense_Bradyrhizobium_manausense_Bradyrhizobium_guangdongense_Bradyrhizobium_ganzhouense_Bradyrhizobium_cytisi
Chryseobacterium_Cluster_8	Chryseobacterium_soli_Chryseobacterium_piperi_Chryseobacterium_limigenitum_Chryseobacterium_polytrichastri_Chryseobacterium_gregarium_Chryseobacterium_aahli_Chryseobacterium_yeoncheonense
Chryseobacterium_Cluster_3	Chryseobacterium_viscerum_Chryseobacterium_tructae_Chryseobacterium_rhizosphaerae_Chryseobacterium_oncorhynchi_Chryseobacterium_lxb-14_Chryseobacterium_lactis_Chryseobacterium_joostei_Chryseobacterium_gleum_Chryseobacterium_ginsengisoli_Chryseobacterium_culicis_Chryseobacterium_arthrosphaerae_Chryseobacterium_contaminans
Chryseobacterium_Cluster_4	Chryseobacterium_takakiae_Chryseobacterium_endophyticum_Chryseobacterium_echinoideorum_Chryseobacterium_camelliae_Chryseobacterium_daejeonense
Marinobacter_Cluster_3	Marinobacter_pelagius_Marinobacter_koreensis_Marinobacter_santoriniensis_Marinobacter_nanhaiticus_Marinobacter_manganoxydans_Marinobacter_similis
Plantactinospora_Cluster_1	Plantactinospora_veratri_Plantactinospora_sp_Plantactinospora_soyae_Plantactinospora_sonchi_Plantactinospora_mayteni_Plantactinospora_endophytica
Photobacterium_Cluster_2	Photobacterium_swingsii_Photobacterium_sanguinicancri_Photobacterium_piscicola_Photobacterium_phosphoreum_Photobacterium_mandapamensis_Photobacterium_leiognathi_Photobacterium_angustum_Photobacterium_kishitanii_Photobacterium_aquimaris
Streptomyces_Cluster_19	Streptomyces_zaomyceticus_Streptomyces_wedmorensis_Streptomyces_viridobrunneus_Streptomyces_violaceorectus_Streptomyces_vietnamensis_Streptomyces_termitum_Streptomyces_tanashiensis_Streptomyces_bikiniensis_Streptomyces_roseus_Streptomyces_roseoviridis_Streptomyces_roseoviolascens_Streptomyces_roseolus_Streptomyces_roseofulvus_Streptomyces_prasinus_Streptomyces_hirsutus_Streptomyces_cyanoalbus_Streptomyces_bambergiensis_Streptomyces_olivoreticuli_Streptomyces_noordhoekensis_Streptomyces_nashvillensis_Streptomyces_narbonensis_Streptomyces_laurentii_Streptomyces_gulbargensis_Streptomyces_gardneri_Streptomyces_filamentosus_Streptomyces_cinereoruber_Streptomyces_castaneus
Mycobacterium_Cluster_13	Mycobacterium_ratisbonense_Mycobacterium_llatzerense_Mycobacterium_aubagnense_Mycobacterium_phocaicum_Mycobacterium_phlei_Mycobacterium_mucogenicum_Mycobacterium_insubricum
Photobacterium_Cluster_1	Photobacterium_sanctipauli_Photobacterium_rosenbergii_Photobacterium_panuliri_Photobacterium_lutimaris_Photobacterium_gaetbulicola_Photobacterium_aquae
Plantibacter_Cluster_1	Plantibacter_sp_Plantibacter_flavus_Plantibacter_elymi_Plantibacter_cousiniae_Plantibacter_auratus_Plantibacter_agrosticola
Pseudomonas_Cluster_10	Pseudomonas_corrugata_Pseudomonas_migulae_Pseudomonas_turukhanskensis_Pseudomonas_rhodesiae_Pseudomonas_reinekei_Pseudomonas_mediterranea_Pseudomonas_kilonensis_Pseudomonas_borealis_Pseudomonas_arsenicoxydans_Pseudomonas_helmanticensis
Haloferax_Cluster_1	Haloferax_volcanii_Haloferax_prahovense_Haloferax_lucentense_Haloferax_alexandrinus_Haloferax_gibbonsii_Haloferax_mucosum
Maribacter_Cluster_1	Maribacter_ulvicola_Maribacter_orientalis_Maribacter_forsetii_Maribacter_caenipelagi_Maribacter_aquivivus
Massilia_Cluster_1	Massilia_tieshanensis_Massilia_putida_Massilia_norwichensis_Massilia_haematophila_Massilia_consociata_Massilia_aerilata_Massilia_niastensis_Massilia_pinisoli
Lysobacter_Cluster_2	Lysobacter_soli_Lysobacter_panacisoli_Lysobacter_agri_Lysobacter_gummosus_Lysobacter_enzymogenes_Lysobacter_antibioticus
Xanthomonas_Cluster_1	Xanthomonas_translucens_Xanthomonas_theicola_Xanthomonas_sacchari_Xanthomonas_oryzae_Xanthomonas_melonis_Xanthomonas_citri_Xanthomonas_albilineans
Nocardiopsis_Cluster_1	Nocardiopsis_umidischolae_Nocardiopsis_tropica_Nocardiopsis_synnemataformans_Nocardiopsis_metallicus_Nocardiopsis_halotolerans_Nocardiopsis_ganjiahuensis_Nocardiopsis_dassonvillei_Nocardiopsis_fildesensis_Nocardiopsis_terrae_Nocardiopsis_tangguensis_Nocardiopsis_sinuspersici_Nocardiopsis_quinghaiensis_Nocardiopsis_lucentensis_Nocardiopsis_flavescens_Nocardiopsis_arvandica_Nocardiopsis_aegyptia_Nocardiopsis_alkaliphila
Nocardia_Cluster_1	Nocardia_shimofusensis_Nocardia_otitidiscaviarum_Nocardia_higoensis_Nocardia_farcinica_Nocardia_asiatica_Nocardia_abscessus
Kangiella_Cluster_1	Kangiella_sp_Kangiella_marina_Kangiella_koreensis_Kangiella_aquimarina_Kangiella_profundi_Kangiella_taiwanensis
Rhodopirellula_Cluster_1	Rhodopirellula_rosea_Rhodopirellula_europaea_Rhodopirellula_maiorica_Rhodopirellula_baltica_Rhodopirellula_lusitana_Rhodopirellula_rubra
Capnocytophaga_Cluster_1	Capnocytophaga_sp_Capnocytophaga_gingivalis_Capnocytophaga_granulosa_Capnocytophaga_ochracea_Capnocytophaga_genosp
Acinetobacter_Cluster_2	Acinetobacter_tjernbergiae_Acinetobacter_tandoii_Acinetobacter_oryzae_Acinetobacter_genomosp_Acinetobacter_celticus_Acinetobacter_dispersus
Leeuwenhoekiella_Cluster_1	Leeuwenhoekiella_marinoflava_Leeuwenhoekiella_blandensis_Leeuwenhoekiella_palythoae_Leeuwenhoekiella_polynyae
Mycobacterium_Cluster_6	Mycobacterium_malmesburyense_Mycobacterium_elephantis_Mycobacterium_celeriflavum_Mycobacterium_brumae_Mycobacterium_barrassiae_Mycobacterium_brasiliensis
Paracoccus_Cluster_2	Paracoccus_versutus_Paracoccus_pantotrophus_Paracoccus_kondratievae_Paracoccus_ferrooxidans_Paracoccus_bengalensis
Thauera_Cluster_1	Thauera_selenatis_Thauera_phenylacetica_Thauera_aromatica_Thauera_aminoaromatica_Thauera_mechernichensis_Thauera_humireducens
Rhodococcus_Cluster_5	Rhodococcus_opacus_Rhodococcus_koreensis_Rhodococcus_jostii_Rhodococcus_marinonascens_Rhodococcus_wratislaviensis
Burkholderia_Cluster_4	Burkholderia_sacchari_Burkholderia_oxyphila_Burkholderia_acidipaludis_Burkholderia_mimosarum_Burkholderia_ferrariae
Vibrio_Cluster_3	Vibrio_vulnificus_Vibrio_qinhuangdaora_Vibrio_neocaledonicus_Vibrio_mytili_Vibrio_midae_Vibrio_communis_Vibrio_atypicus_Vibrio_jasicida
Micromonospora_Cluster_2	Micromonospora_wenchangensis_Micromonospora_siamensis_Micromonospora_sediminicola_Micromonospora_purpureochromogenes_Micromonospora_auratinigra_Micromonospora_palomenae_Micromonospora_oryzae_Micromonospora_marina_Micromonospora_mangrovi_Micromonospora_lupini_Micromonospora_krabiensis_Micromonospora_halophytica_Micromonospora_haikouensis_Micromonospora_globosa_Micromonospora_fulvopurpurea_Micromonospora_floridensis_Micromonospora_coxensis_Micromonospora_chokoriensis_Micromonospora_carbonacea_Micromonospora_aurantiaca_Micromonospora_brunnescens
Kitasatospora_Cluster_2	Kitasatospora_viridis_Kitasatospora_sp_Kitasatospora_kifunensis_Kitasatospora_kepongensis_Kitasatospora_sampliensis_Kitasatospora_saccharophila_Kitasatospora_paranensis_Kitasatospora_paracochleata_Kitasatospora_nipponensis_Kitasatospora_griseola_Kitasatospora_gansuensis_Kitasatospora_cystarginea_Kitasatospora_azatica_Kitasatospora_setae
Sphingobium_Cluster_2	Sphingobium_lucknowense_Sphingobium_japonicum_Sphingobium_chlorophenolicum_Sphingobium_chungbukense_Sphingobium_francense_Sphingobium_chinhatense_Sphingobium_indicum
Planomicrobium_Cluster_1	Planomicrobium_okeanokoites_Planomicrobium_glaciei_Planomicrobium_flavidum_Planomicrobium_alkanoclasticum
Streptomyces_Cluster_4	Streptomyces_werraensis_Streptomyces_viridochromogenes_Streptomyces_viridis_Streptomyces_vellosus_Streptomyces_thermophilus_Streptomyces_thermodiastaticus_Streptomyces_thermocarboxydovorans_Streptomyces_steffisburgensis_Streptomyces_shandongensis_Streptomyces_rubiginosus_Streptomyces_pulcher_Streptomyces_pluricolorescens_Streptomyces_pilosus_Streptomyces_pallidus_Streptomyces_noursei_Streptomyces_nodosus_Streptomyces_naganishii_Streptomyces_malachiticus_Streptomyces_lusitanus_Streptomyces_lomondensis_Streptomyces_kagoshimanus_Streptomyces_indiaensis_Streptomyces_humidus_Streptomyces_heteromorphus_Streptomyces_heliomycini_Streptomyces_griseostramineus_Streptomyces_griseomycini_Streptomyces_graminearus_Streptomyces_gancidicus_Streptomyces_galilaeus_Streptomyces_fumigatiscleroticus_Streptomyces_fumanus_Streptomyces_fragilis_Streptomyces_flavomacrosporus_Streptomyces_fimbriatus_Streptomyces_deserti_Streptomyces_cinnabarinus_Streptomyces_cellulosae_Streptomyces_calvus_Streptomyces_bullii_Streptomyces_asterosporus_Streptomyces_albaduncus
Corynebacterium_Cluster_2	Corynebacterium_ulcerans_Corynebacterium_pseudotuberculosis_Corynebacterium_diphtheriae_Corynebacterium_confusum_Corynebacterium_pelargi
Brachybacterium_Cluster_2	Brachybacterium_zhongshanense_Brachybacterium_squillarum_Brachybacterium_rhamnosum_Brachybacterium_horti
Mycobacterium_Cluster_10	Mycobacterium_triplex_Mycobacterium_stomatepiae_Mycobacterium_simiae_Mycobacterium_shigaense_Mycobacterium_sherrisii_Mycobacterium_parmense_Mycobacterium_parascrofulaceum_Mycobacterium_cf_Mycobacterium_europaeum_Mycobacterium_manitobense_Mycobacterium_lentiflavum_Mycobacterium_kubicae_Mycobacterium_heidelbergense_Mycobacterium_genavense_Mycobacterium_florentinum
Oceanobacillus_Cluster_1	Oceanobacillus_profundus_Oceanobacillus_polygoni_Oceanobacillus_massiliensis_Oceanobacillus_longus_Oceanobacillus_damuensis
Pseudonocardia_Cluster_1	Pseudonocardia_tropica_Pseudonocardia_kongjuensis_Pseudonocardia_carboxydivorans_Pseudonocardia_antitumoralis_Pseudonocardia_antarctica_Pseudonocardia_ammonioxydans_Pseudonocardia_alni
Sphingomonas_Cluster_1	Sphingomonas_trueperi_Sphingomonas_sanguinis_Sphingomonas_pituitosa_Sphingomonas_azotifigens_Sphingomonas_elodea
Salinivibrio_Cluster_1	Salinivibrio_sp_Salinivibrio_socompensis_Salinivibrio_sharmensis_Salinivibrio_budaii_Salinivibrio_proteolyticus
Rhodanobacter_Cluster_1	Rhodanobacter_umsongensis_Rhodanobacter_thiooxydans_Rhodanobacter_soli_Rhodanobacter_lindaniclasticus_Rhodanobacter_fulvus_Rhodanobacter_denitrificans_Rhodanobacter_ginsenosidimutans
Streptomyces_Cluster_23	Streptomyces_viridiviolaceus_Streptomyces_variegatus_Streptomyces_variabilis_Streptomyces_tosaensis_Streptomyces_thermovulgaris_Streptomyces_rosa_Streptomyces_pluripotens_Streptomyces_mexicanus_Streptomyces_leeuwenhoekii_Streptomyces_jeddahensis_Streptomyces_hyderabadensis_Streptomyces_hebeiensis_Streptomyces_griseoviridis_Streptomyces_glaucus_Streptomyces_cyaneogriseus_Streptomyces_chilikensis_Streptomyces_carpinensis_Streptomyces_brasiliensis_Streptomyces_ferrugineus
Pseudomonas_Cluster_12	Pseudomonas_nitritireducens_Pseudomonas_knackmussii_Pseudomonas_chloritidismutans_Pseudomonas_delhiensis_Pseudomonas_citronellolis_Pseudomonas_azelaica_Pseudomonas_acephalitica_Pseudomonas_panipatensis
Streptomyces_Cluster_14	Streptomyces_siamensis_Streptomyces_prasinopilosus_Streptomyces_padanus_Streptomyces_griseofuscus_Streptomyces_fractus_Streptomyces_endophyticus_Streptomyces_atriruber
Flavobacterium_Cluster_6	Flavobacterium_tructae_Flavobacterium_hercynium_Flavobacterium_branchiarum_Flavobacterium_granuli_Flavobacterium_glaciei_Flavobacterium_araucananum_Flavobacterium_aquidurense_Flavobacterium_hydatis_Flavobacterium_spartansii
Friedmanniella_Cluster_1	Friedmanniella_sagamiharensis_Friedmanniella_okinawensis_Friedmanniella_flava_Friedmanniella_antarctica
Amycolatopsis_Cluster_3	Amycolatopsis_rubida_Amycolatopsis_hippodromi_Amycolatopsis_halotolerans_Amycolatopsis_equina_Amycolatopsis_echigonensis_Amycolatopsis_circi_Amycolatopsis_albidoflavus_Amycolatopsis_benzoatilytica
Microcystis_Cluster_1	Microcystis_wesenbergii_Microcystis_viridis_Microcystis_novacekii_Microcystis_aeruginosa_Microcystis_smithii
Marinobacter_Cluster_2	Marinobacter_subterrani_Marinobacter_segnicrescens_Marinobacter_sediminum_Marinobacter_salicampi_Marinobacter_guineae_Marinobacter_gudaonensis_Marinobacter_goseongensis_Marinobacter_bryozoorum_Marinobacter_salinus
Paracoccus_Cluster_3	Paracoccus_huijuniae_Paracoccus_halophilus_Paracoccus_communis_Paracoccus_aminophilus_Paracoccus_caeni
Thermoanaerobacterium_Cluster_1	Thermoanaerobacterium_xylanolyticum_Thermoanaerobacterium_thermostercoris_Thermoanaerobacterium_thermosaccharolyticum_Thermoanaerobacterium_sp_Thermoanaerobacterium_saccharolyticum_Thermoanaerobacterium_aciditolerans_Thermoanaerobacterium_aotearoense
Halorubrum_Cluster_3	Halorubrum_sp_Halorubrum_saccharovorum_Halorubrum_halophilum_Halorubrum_arcis_Halorubrum_lipolyticum_Halorubrum_persicum
Geobacillus_Cluster_1	Geobacillus_vulcani_Geobacillus_stearothermophilus_Geobacillus_kaustophilus_Geobacillus_thermoleovorans
Elizabethkingia_Cluster_1	Elizabethkingia_sp_Elizabethkingia_miricola_Elizabethkingia_meningoseptica_Elizabethkingia_genomosp_Elizabethkingia_anophelis
Neisseria_Cluster_1	Neisseria_subflava_Neisseria_flavescens_Neisseria_cinerea_Neisseria_mucosa_Neisseria_perflava_Neisseria_flava
Psychrobacter_Cluster_1	Psychrobacter_urativorans_Psychrobacter_okhotskensis_Psychrobacter_luti_Psychrobacter_glaciei_Psychrobacter_glacialis_Psychrobacter_cryohalolentis_Psychrobacter_arcticus
Streptomyces_Cluster_25	Streptomyces_torulosus_Streptomyces_stelliscabiei_Streptomyces_scabiei_Streptomyces_polymachus_Streptomyces_ogaensis_Streptomyces_neyagawaensis_Streptomyces_europaeiscabiei_Streptomyces_bottropensis_Streptomyces_heilongjiangensis
Pseudoxanthomonas_Cluster_1	Pseudoxanthomonas_wuyuanensis_Pseudoxanthomonas_ginsengisoli_Pseudoxanthomonas_gei_Pseudoxanthomonas_dokdonensis_Pseudoxanthomonas_sacheonensis
Cellulomonas_Cluster_2	Cellulomonas_iranensis_Cellulomonas_flavigena_Cellulomonas_fimi_Cellulomonas_biazotea_Cellulomonas_septica
Marinomonas_Cluster_1	Marinomonas_ushuaiensis_Marinomonas_profundimaris_Marinomonas_pontica_Marinomonas_foliarum_Marinomonas_pollencensis
Oceanobacillus_Cluster_2	Oceanobacillus_oncorhynchi_Oceanobacillus_jeddahense_Oceanobacillus_gochujangensis_Oceanobacillus_locisalsi
Actinopolymorpha_Cluster_1	Actinopolymorpha_singaporensis_Actinopolymorpha_rutila_Actinopolymorpha_pittospori_Actinopolymorpha_cephalotaxi
Pseudomonas_Cluster_9	Pseudomonas_straminea_Pseudomonas_segetis_Pseudomonas_punonensis_Pseudomonas_parafulva_Pseudomonas_flavescens_Pseudomonas_cuatrocienegasensis_Pseudomonas_argentinensis_Pseudomonas_glareae
Ornithinibacillus_Cluster_1	Ornithinibacillus_contaminans_Ornithinibacillus_sp_Ornithinibacillus_scapharcae_Ornithinibacillus_californiensis_Ornithinibacillus_halophilus
Streptomyces_Cluster_21	Streptomyces_yerevanensis_Streptomyces_purpureofuscus_Streptomyces_lividoclavatus_Streptomyces_griseorubiginosus_Streptomyces_clavuligerus_Streptomyces_alanosinicus_Streptomyces_coacervatus
Winogradskyella_Cluster_1	Winogradskyella_thalassocola_Winogradskyella_echinorum_Winogradskyella_litoriviva_Winogradskyella_multivorans
Nocardia_Cluster_3	Nocardia_xestospongiae_Nocardia_pneumoniae_Nocardia_niwae_Nocardia_levis_Nocardia_donostiensis_Nocardia_bhagyanarayanae_Nocardia_beijingensis_Nocardia_arthritidis_Nocardia_araoensis_Nocardia_amikacinitolerans_Nocardia_amamiensis
Terribacillus_Cluster_1	Terribacillus_sp_Terribacillus_saccharophilus_Terribacillus_halophilus_Terribacillus_aidingensis_Terribacillus_goriensis
Chryseobacterium_Cluster_1	Chryseobacterium_vietnamense_Chryseobacterium_ureilyticum_Chryseobacterium_kwangyangense_Chryseobacterium_jejuense_Chryseobacterium_artocarpi_Chryseobacterium_aquifrigidense
Psychrobacter_Cluster_2	Psychrobacter_sp_Psychrobacter_adeliensis_Psychrobacter_glacincola_Psychrobacter_fozii_Psychrobacter_cibarius
Actinomycetospora_Cluster_2	Actinomycetospora_straminea_Actinomycetospora_lutea_Actinomycetospora_chibensis_Actinomycetospora_rhizophila
Hydrogenophaga_Cluster_1	Hydrogenophaga_palleronii_Hydrogenophaga_caeni_Hydrogenophaga_atypica_Hydrogenophaga_pseudoflava_Hydrogenophaga_defluvii_Hydrogenophaga_bisanensis
Streptomyces_Cluster_16	Streptomyces_viridogenes_Streptomyces_verticillus_Streptomyces_thioluteus_Streptomyces_thermolilacinus_Streptomyces_sclerotialus_Streptomyces_roseoverticillatus_Streptomyces_roseiscleroticus_Streptomyces_rhizosphaericus_Streptomyces_rapamycinicus_Streptomyces_purpurogeneiscleroticus_Streptomyces_propurpuratus_Streptomyces_poonensis_Streptomyces_orinoci_Streptomyces_omiyaensis_Streptomyces_olivaceiscleroticus_Streptomyces_ochraceiscleroticus_Streptomyces_morookaense_Streptomyces_mordarskii_Streptomyces_mobaraensis_Streptomyces_mashuensis_Streptomyces_luteireticuli_Streptomyces_lilacinus_Streptomyces_lilacinofulvus_Streptomyces_lavendularectus_Streptomyces_lacticiproducens_Streptomyces_kronopolitis_Streptomyces_kasugaspinus_Streptomyces_kasugaensis_Streptomyces_griseiniger_Streptomyces_gilvosporeus_Streptomyces_celluloflavus_Streptomyces_castelarensis_Streptomyces_cangkringensis_Streptomyces_asiaticus_Streptomyces_albospinus_Streptomyces_albofaciens_Streptomyces_acidiscabies_Streptomyces_bambusae
Catellatospora_Cluster_1	Catellatospora_vulcania_Catellatospora_tagetis_Catellatospora_paridis_Catellatospora_methionotrophica_Catellatospora_coxensis_Catellatospora_citrea_Catellatospora_chokoriensis_Catellatospora_aurea
Francisella_Cluster_1	Francisella_tularensis_Francisella_persica_Francisella_hispaniensis_Francisella_endosymbiont_Francisella_cf
Dolichospermum_Cluster_2	Dolichospermum_ucrainicum_Dolichospermum_solitarium_Dolichospermum_spiroides_Dolichospermum_planctonicum_Dolichospermum_crassum_Dolichospermum_smithii_Dolichospermum_mucosum
Shewanella_Cluster_5	Shewanella_indica_Shewanella_haliotis_Shewanella_mangrovi_Shewanella_chilikensis_Shewanella_algae_Shewanella_fidelis_Shewanella_upenei
Burkholderia_Cluster_6	Burkholderia_vietnamiensis_Burkholderia_paludis_Burkholderia_cepacia_Burkholderia_cenocepacia_Burkholderia_metallica
Saccharopolyspora_Cluster_2	Saccharopolyspora_tripterygii_Saccharopolyspora_sp_Saccharopolyspora_dendranthemae_Saccharopolyspora_endophytica
Enterococcus_Cluster_2	Enterococcus_ureilyticus_Enterococcus_termitis_Enterococcus_silesiacus_Enterococcus_sanguinicola_Enterococcus_rotai_Enterococcus_quebecensis_Enterococcus_plantarum_Enterococcus_phoeniculicola_Enterococcus_moraviensis_Enterococcus_haemoperoxidus_Enterococcus_caccae
Afipia_Cluster_1	Afipia_lausannensis_Afipia_birgiae_Afipia_felis_Afipia_genosp_Afipia_clevelandensis_Afipia_massiliensis
Litoreibacter_Cluster_1	Litoreibacter_sp_Litoreibacter_ponti_Litoreibacter_meonggei_Litoreibacter_janthinus_Litoreibacter_halocynthiae_Litoreibacter_ascidiaceicola_Litoreibacter_albidus
Burkholderia_Cluster_2	Burkholderia_terrestris_Burkholderia_rinojensis_Burkholderia_multivorans_Burkholderia_humi_Burkholderia_choica
Colwellia_Cluster_1	Colwellia_sp_Colwellia_sediminilitoris_Colwellia_piezophila_Colwellia_aestuarii_Colwellia_chukchiensis
Amycolatopsis_Cluster_1	Amycolatopsis_umgeniensis_Amycolatopsis_thailandensis_Amycolatopsis_roodepoortensis_Amycolatopsis_regifaucium_Amycolatopsis_orientalis_Amycolatopsis_lurida_Amycolatopsis_keratiniphila_Amycolatopsis_japonica_Amycolatopsis_decaplanina_Amycolatopsis_coloradensis_Amycolatopsis_azurea_Amycolatopsis_alba
Listeria_Cluster_1	Listeria_welshimeri_Listeria_seeligeri_Listeria_monocytogenes_Listeria_innocua_Listeria_ivanovii_Listeria_marthii
Arthrobacter_Cluster_3	Arthrobacter_tecti_Arthrobacter_tumbae_Arthrobacter_flavus_Arthrobacter_subterraneus_Arthrobacter_parietis
Cryobacterium_Cluster_1	Cryobacterium_sp_Cryobacterium_psychrotolerans_Cryobacterium_psychrophilum_Cryobacterium_luteum_Cryobacterium_levicorallinum_Cryobacterium_arcticum_Cryobacterium_aff_Cryobacterium_flavum
Gluconobacter_Cluster_1	Gluconobacter_sp_Gluconobacter_oxydans_Gluconobacter_cerinus_Gluconobacter_japonicus_Gluconobacter_frateurii_Gluconobacter_nephelii
Paenibacillus_Cluster_10	Paenibacillus_terrae_Paenibacillus_peoriae_Paenibacillus_jamilae_Paenibacillus_kribbensis_Paenibacillus_brasilensis_Paenibacillus_triticisoli
Planotetraspora_Cluster_1	Planotetraspora_thailandica_Planotetraspora_silvatica_Planotetraspora_phitsanulokensis_Planotetraspora_mira_Planotetraspora_kaengkrachanensis
Burkholderia_Cluster_1	Burkholderia_sabiae_Burkholderia_phymatum_Burkholderia_hospita_Burkholderia_caribensis_Burkholderia_caryophylli
Novosphingobium_Cluster_1	Novosphingobium_resinovorum_Novosphingobium_mathurense_Novosphingobium_fluoreni_Novosphingobium_barchaimii
Nesterenkonia_Cluster_1	Nesterenkonia_sandarakina_Nesterenkonia_halotolerans_Nesterenkonia_flava_Nesterenkonia_aethiopica_Nesterenkonia_jeotgali
Staphylococcus_Cluster_1	Staphylococcus_petrasii_Staphylococcus_lugdunensis_Staphylococcus_hominis_Staphylococcus_epidermidis_Staphylococcus_capitis_Staphylococcus_aureus
Aeromonas_Cluster_1	Aeromonas_caviae_Aeromonas_fluvialis_Aeromonas_tecta_Aeromonas_taiwanensis_Aeromonas_schubertii_Aeromonas_sanarellii_Aeromonas_rivuli_Aeromonas_rivipollensis_Aeromonas_popoffii_Aeromonas_piscicola_Aeromonas_molluscorum_Aeromonas_lacus_Aeromonas_finlandiensis_Aeromonas_eucrenophila_Aeromonas_enteropelogenes_Aeromonas_encheleia_Aeromonas_diversa_Aeromonas_dhakensis_Aeromonas_cavernicola_Aeromonas_bivalvium_Aeromonas_bestiarum_Aeromonas_australiensis_Aeromonas_aquatica_Aeromonas_allosaccharophila_Aeromonas_aquariorum
Ancylobacter_Cluster_1	Ancylobacter_sp_Ancylobacter_dichloromethanicus_Ancylobacter_abiegnus_Ancylobacter_polymorphus_Ancylobacter_aquaticus_Ancylobacter_rudongensis
Sinomonas_Cluster_1	Sinomonas_mesophila_Sinomonas_sp_Sinomonas_notoginsengisoli_Sinomonas_halotolerans_Sinomonas_atrocyanea_Sinomonas_flava
Paenibacillus_Cluster_7	Paenibacillus_xylanilyticus_Paenibacillus_faecis_Paenibacillus_pabuli_Paenibacillus_illinoisensis_Paenibacillus_chinensis_Paenibacillus_dongdonensis_Paenibacillus_taichungensis
Nonomuraea_Cluster_1	Nonomuraea_wenchangensis_Nonomuraea_terrinata_Nonomuraea_salmonea_Nonomuraea_rubra_Nonomuraea_rubescens_Nonomuraea_muscovyensis_Nonomuraea_maheshkhaliensis_Nonomuraea_kuesteri_Nonomuraea_jiangxiensis_Nonomuraea_jabiensis_Nonomuraea_indica_Nonomuraea_guangzhouensis_Nonomuraea_fastidiosa_Nonomuraea_endophytica_Nonomuraea_coxensis_Nonomuraea_candida_Nonomuraea_bangladeshensis
Pseudomonas_Cluster_3	Pseudomonas_umsongensis_Pseudomonas_teessidea_Pseudomonas_granadensis_Pseudomonas_denitrificans_Pseudomonas_cinnamophila_Pseudomonas_batumici
Leuconostoc_Cluster_1	Leuconostoc_sp_Leuconostoc_palmae_Leuconostoc_lactis_Leuconostoc_holzapfelii_Leuconostoc_citreum_Leuconostoc_carnosum_Leuconostoc_garlicum
Metallosphaera_Cluster_1	Metallosphaera_sp_Metallosphaera_sedula_Metallosphaera_cuprina_Metallosphaera_prunae_Metallosphaera_hakonensis
Staphylococcus_Cluster_4	Staphylococcus_schleiferi_Staphylococcus_rostri_Staphylococcus_pseudintermedius_Staphylococcus_muscae_Staphylococcus_microti_Staphylococcus_lutrae_Staphylococcus_intermedius_Staphylococcus_felis_Staphylococcus_delphini
Pseudonocardia_Cluster_4	Pseudonocardia_adelaidensis_Pseudonocardia_cypriaca_Pseudonocardia_hierapolitana_Pseudonocardia_zijingensis
Exiguobacterium_Cluster_1	Exiguobacterium_marinum_Exiguobacterium_himgiriensis_Exiguobacterium_aurantiacum_Exiguobacterium_aestuarii_Exiguobacterium_arabatum_Exiguobacterium_aquaticum
Pasteurella_Cluster_1	Pasteurella_sp_Pasteurella_bettyae_Pasteurella_multocida_Pasteurella_dagmatis_Pasteurella_canis_Pasteurella_stomatis
Legionella_Cluster_1	Legionella_taurinensis_Legionella_sainthelensi_Legionella_parisiensis_Legionella_longbeachae_Legionella_dumoffii_Legionella_anisa_Legionella_cherrii
Kibdelosporangium_Cluster_1	Kibdelosporangium_sp_Kibdelosporangium_phytohabitans_Kibdelosporangium_aridum_Kibdelosporangium_lantanae_Kibdelosporangium_banguiense
Flectobacillus_Cluster_1	Flectobacillus_sp_Flectobacillus_pallidus_Flectobacillus_lacus_Flectobacillus_roseus_Flectobacillus_rhizosphaerae
Janibacter_Cluster_1	Janibacter_terrae_Janibacter_sanguinis_Janibacter_melonis_Janibacter_limosus_Janibacter_anophelis_Janibacter_cremeus_Janibacter_hoylei_Janibacter_marinus_Janibacter_indicus
Actinoplanes_Cluster_2	Actinoplanes_roseosporangius_Actinoplanes_purpeobrunneus_Actinoplanes_octamycinicus_Actinoplanes_ianthinogenes_Actinoplanes_capillaceus_Actinoplanes_hulinensis
Streptomyces_Cluster_8	Streptomyces_violascens_Streptomyces_kebangsaanensis_Streptomyces_flavovariabilis_Streptomyces_alboniger
Carnobacterium_Cluster_1	Carnobacterium_maltaromaticum_Carnobacterium_viridans_Carnobacterium_jeotgali_Carnobacterium_inhibens_Carnobacterium_gallinarum
Rhodococcus_Cluster_2	Rhodococcus_yunnanensis_Rhodococcus_sp_Rhodococcus_sovatensis_Rhodococcus_kyotonensis_Rhodococcus_cercidiphylli_Rhodococcus_cerastii_Rhodococcus_cerastrii
Methylobacterium_Cluster_1	Methylobacterium_zatmanii_Methylobacterium_thiocyanatum_Methylobacterium_suomiense_Methylobacterium_rhodesianum_Methylobacterium_pseudosasae_Methylobacterium_podarium_Methylobacterium_organophilum_Methylobacterium_gnaphalii_Methylobacterium_brachythecii_Methylobacterium_extorquens_Methylobacterium_aminovorans_Methylobacterium_endosymbiont
Streptosporangium_Cluster_1	Streptosporangium_vulgare_Streptosporangium_sp_Streptosporangium_shengliense_Streptosporangium_rubrum_Streptosporangium_roseum_Streptosporangium_oxazolinicum_Streptosporangium_nanhuense_Streptosporangium_longisporum_Streptosporangium_kronopolitis_Streptosporangium_koreanum_Streptosporangium_carneum_Streptosporangium_canum_Streptosporangium_brasiliense_Streptosporangium_amethystogenes_Streptosporangium_album
Actinoplanes_Cluster_1	Actinoplanes_subglobosus_Actinoplanes_rutilosporangius_Actinoplanes_palleronii_Actinoplanes_missouriensis_Actinoplanes_luteus_Actinoplanes_kinshanensis_Actinoplanes_digitatis_Actinoplanes_derwentensis_Actinoplanes_awajinensis
Paenibacillus_Cluster_6	Paenibacillus_endophyticus_Paenibacillus_castaneae_Paenibacillus_agarexedens_Paenibacillus_sinopodophylli
Alkalibacterium_Cluster_1	Alkalibacterium_subtropicum_Alkalibacterium_sp_Alkalibacterium_iburiense_Alkalibacterium_putridalgicola_Alkalibacterium_gilvum_Alkalibacterium_kapii
Rhodococcus_Cluster_3	Rhodococcus_globerulus_Rhodococcus_erythreus_Rhodococcus_boritolerans_Rhodococcus_baikonurensis_Rhodococcus_degradans
Saccharothrix_Cluster_1	Saccharothrix_xinjiangensis_Saccharothrix_tamanrassetensis_Saccharothrix_syringae_Saccharothrix_sp_Saccharothrix_espanaensis_Saccharothrix_australiensis_Saccharothrix_algeriensis
Microbacterium_Cluster_5	Microbacterium_saccharophilum_Microbacterium_kitamiense_Microbacterium_aurantiacum_Microbacterium_keratanolyticum_Microbacterium_ketosireducens
Lentzea_Cluster_1	Lentzea_waywayandensis_Lentzea_violacea_Lentzea_flaviverrucosa_Lentzea_albidocapillata_Lentzea_albida
Bartonella_Cluster_1	Bartonella_silvatica_Bartonella_rattaustraliani_Bartonella_phoceensis_Bartonella_pachyuromydis_Bartonella_massiliensis_Bartonella_florencae_Bartonella_alsatica_Bartonella_acomydis
Dolichospermum_Cluster_1	Dolichospermum_flos_Dolichospermum_akankoense_Dolichospermum_circinale_Dolichospermum_affine_Dolichospermum_lemmermannii
Xanthomonas_Cluster_2	Xanthomonas_vesicatoria_Xanthomonas_vasicola_Xanthomonas_sp_Xanthomonas_pisi_Xanthomonas_phaseoli_Xanthomonas_campestris_Xanthomonas_axonopodis_Xanthomonas_alfalfae_Xanthomonas_maliensis_Xanthomonas_hortorum_Xanthomonas_gardneri_Xanthomonas_fragariae_Xanthomonas_euvesicatoria_Xanthomonas_dyei_Xanthomonas_cynarae_Xanthomonas_arboricola_Xanthomonas_cucurbitae
Clostridium_Cluster_3	Clostridium_novyi_Clostridium_haemolyticum_Clostridium_botulinum_Clostridium_massiliodielmoense_Clostridium_taeniosporum
Porphyrobacter_Cluster_1	Porphyrobacter_tepidarius_Porphyrobacter_sanguineus_Porphyrobacter_donghaensis_Porphyrobacter_colymbi_Porphyrobacter_dokdonensis
Amycolatopsis_Cluster_4	Amycolatopsis_tucumanensis_Amycolatopsis_thermoflava_Amycolatopsis_thermalba_Amycolatopsis_ruanii_Amycolatopsis_methanolica_Amycolatopsis_endophytica
Microbacterium_Cluster_1	Microbacterium_nematophilum_Microbacterium_insulae_Microbacterium_thalassium_Microbacterium_schleiferi_Microbacterium_pumilum_Microbacterium_paludicola_Microbacterium_marinilacus_Microbacterium_imperiale_Microbacterium_flavescens_Microbacterium_awajiense_Microbacterium_arborescens_Microbacterium_aureliae
Nocardia_Cluster_4	Nocardia_soli_Nocardia_salmonicida_Nocardia_ignorata_Nocardia_fluminea_Nocardia_cummidelens_Nocardia_coubleae
Actinopolyspora_Cluster_1	Actinopolyspora_sp_Actinopolyspora_salinaria_Actinopolyspora_indiensis_Actinopolyspora_erythraea_Actinopolyspora_egyptensis
Lactobacillus_Cluster_3	Lactobacillus_vaccinostercus_Lactobacillus_manihotivorans_Lactobacillus_camelliae_Lactobacillus_hokkaidonensis_Lactobacillus_wasatchensis
Rathayibacter_Cluster_1	Rathayibacter_tritici_Rathayibacter_sp_Rathayibacter_rathayi_Rathayibacter_iranicus_Rathayibacter_festucae_Rathayibacter_caricis
Tsukamurella_Cluster_1	Tsukamurella_tyrosinosolvens_Tsukamurella_sp_Tsukamurella_sinensis_Tsukamurella_pulmonis_Tsukamurella_pseudospumae_Tsukamurella_hongkongensis_Tsukamurella_carboxydivorans
Halomonas_Cluster_2	Halomonas_urumqiensis_Halomonas_salifodinae_Halomonas_saccharevitans_Halomonas_qiaohouensis_Halomonas_phoceae_Halomonas_pacifica_Halomonas_nitrilicus_Halomonas_huangheensis_Halomonas_fontilapidosi_Halomonas_alimentaria_Halomonas_daqiaonensis_Halomonas_desiderata_Halomonas_daqingensis_Halomonas_cf_Halomonas_campaniensis_Halomonas_kenyensis
Actinomadura_Cluster_1	Actinomadura_vinacea_Actinomadura_nitritigenes_Actinomadura_fulvescens_Actinomadura_napierensis_Actinomadura_syzygii_Actinomadura_sediminis_Actinomadura_rifamycini_Actinomadura_meyerae_Actinomadura_mexicana_Actinomadura_maheshkhaliensis_Actinomadura_madurae_Actinomadura_macra_Actinomadura_glauciflava_Actinomadura_geliboluensis_Actinomadura_cremea_Actinomadura_citrea_Actinomadura_chokoriensis_Actinomadura_chibensis_Actinomadura_apis_Actinomadura_alkaliterrae
Mycobacterium_Cluster_3	Mycobacterium_vaccae_Mycobacterium_tusciae_Mycobacterium_rhodesiae_Mycobacterium_neglectum_Mycobacterium_gadium_Mycobacterium_aromaticivorans_Mycobacterium_abscessus_Mycobacterium_aichiense
Bartonella_Cluster_2	Bartonella_weissi_Bartonella_schoenbuchensis_Bartonella_melophagi_Bartonella_capreoli_Bartonella_bovis_Bartonella_chomelii
Paenibacillus_Cluster_3	Paenibacillus_wulumuqiensis_Paenibacillus_bovis_Paenibacillus_shenyangensis_Paenibacillus_hunanensis_Paenibacillus_dauci
Chryseobacterium_Cluster_6	Chryseobacterium_xinjiangense_Chryseobacterium_soldanellicola_Chryseobacterium_greenlandense_Chryseobacterium_aquaticum_Chryseobacterium_solani
Shewanella_Cluster_3	Shewanella_violacea_Shewanella_sairae_Shewanella_piezotolerans_Shewanella_kaireitica_Shewanella_pealeana_Shewanella_halifaxensis_Shewanella_marinintestina
Rhodococcus_Cluster_1	Rhodococcus_triatomae_Rhodococcus_canchipurensis_Rhodococcus_pedocola_Rhodococcus_zopfii_Rhodococcus_ruber_Rhodococcus_rhodochrous_Rhodococcus_phenolicus_Rhodococcus_hoagii_Rhodococcus_agglutinans_Rhodococcus_aetherivorans
Catenuloplanes_Cluster_1	Catenuloplanes_sp_Catenuloplanes_niger_Catenuloplanes_japonicus_Catenuloplanes_indicus_Catenuloplanes_crispus_Catenuloplanes_atrovinosus_Catenuloplanes_castaneus
Streptomyces_Cluster_2	Streptomyces_verne_Streptomyces_tubercidicus_Streptomyces_tricolor_Streptomyces_somaliensis_Streptomyces_sioyaensis_Streptomyces_roseocinereus_Streptomyces_rimosus_Streptomyces_reticuli_Streptomyces_ramulosus_Streptomyces_prasinosporus_Streptomyces_platensis_Streptomyces_ossamyceticus_Streptomyces_nigrescens_Streptomyces_monomycini_Streptomyces_misakiensis_Streptomyces_microsporus_Streptomyces_lydicus_Streptomyces_libani_Streptomyces_indonesiensis_Streptomyces_huangiae_Streptomyces_hiroshimensis_Streptomyces_griseosporeus_Streptomyces_griseocarneus_Streptomyces_glebosus_Streptomyces_glaucescens_Streptomyces_fasiculatus_Streptomyces_decoyicus_Streptomyces_cuspidosporus_Streptomyces_cinerochromogenes_Streptomyces_chrestomyceticus_Streptomyces_chattanoogensis_Streptomyces_catenulae_Streptomyces_caniferus_Streptomyces_bingchenggensis_Streptomyces_bingchengensis_Streptomyces_bangladeshensis_Streptomyces_auratus_Streptomyces_aurantiogriseus_Streptomyces_atrolaccus_Streptomyces_ascomycinicus_Streptomyces_antibioticus_Streptomyces_angustmyceticus_Streptomyces_aldersoniae_Streptomyces_albiflaviniger_Streptomyces_achromogenes_Streptomyces_abikoensis_Streptomyces_actuosus
Pectobacterium_Cluster_1	Pectobacterium_wasabiae_Pectobacterium_sp_Pectobacterium_parmentieri_Pectobacterium_betavasculorum_Pectobacterium_atrosepticum
Polaribacter_Cluster_1	Polaribacter_undariae_Polaribacter_irgensii_Polaribacter_atrinae_Polaribacter_butkevichii_Polaribacter_sejongensis_Polaribacter_glomeratus
Chryseobacterium_Cluster_7	Chryseobacterium_shandongense_Chryseobacterium_daecheongense_Chryseobacterium_hispalense_Chryseobacterium_defluvii_Chryseobacterium_wanjuense
Brevundimonas_Cluster_1	Brevundimonas_subvibrioides_Brevundimonas_denitrificans_Brevundimonas_basaltis_Brevundimonas_alba_Brevundimonas_staleyi_Brevundimonas_kwangchunensis_Brevundimonas_bacteroides_Brevundimonas_lenta
Gluconacetobacter_Cluster_2	Gluconacetobacter_swingsii_Gluconacetobacter_sucrofermentans_Gluconacetobacter_europaeus_Gluconacetobacter_nataicola
Paenisporosarcina_Cluster_1	Paenisporosarcina_quisquiliarum_Paenisporosarcina_sp_Paenisporosarcina_indica_Paenisporosarcina_antarctica
Actinoallomurus_Cluster_1	Actinoallomurus_sp_Actinoallomurus_acaciae_Actinoallomurus_amamiensis_Actinoallomurus_acanthiterrae_Actinoallomurus_fulvus
Nocardia_Cluster_5	Nocardia_testacea_Nocardia_sienata_Nocardia_rhamnosiphila_Nocardia_flavorosea_Nocardia_carnea_Nocardia_fusca
Paenibacillus_Cluster_9	Paenibacillus_popilliae_Paenibacillus_dendritiformis_Paenibacillus_lentimorbus_Paenibacillus_thiaminolyticus
Kribbella_Cluster_2	Kribbella_sandramycini_Kribbella_qitaiheensis_Kribbella_koreensis_Kribbella_karoonensis_Kribbella_catacumbae_Kribbella_alba_Kribbella_ginsengisoli
Stenotrophomonas_Cluster_1	Stenotrophomonas_sp_Stenotrophomonas_pavanii_Stenotrophomonas_maltophilia_Stenotrophomonas_geniculata
Nocardia_Cluster_6	Nocardia_yamanashiensis_Nocardia_niigatensis_Nocardia_inohanensis_Nocardia_rayongensis_Nocardia_nova_Nocardia_mikamii_Nocardia_kruczakiae_Nocardia_cerradoensis_Nocardia_aobensis_Nocardia_jiangxiensis
Chryseobacterium_Cluster_5	Chryseobacterium_vrystaatense_Chryseobacterium_shigense_Chryseobacterium_carnipullorum_Chryseobacterium_rhizoplanae_Chryseobacterium_gallinarum_Chryseobacterium_enrichment_Chryseobacterium_flavum
Dickeya_Cluster_1	Dickeya_zeae_Dickeya_sp_Dickeya_solani_Dickeya_paradisiaca_Dickeya_dieffenbachiae_Dickeya_dianthicola_Dickeya_dadantii_Dickeya_chrysanthemi_Dickeya_aquatica
Micromonospora_Cluster_1	Micromonospora_viridifaciens_Micromonospora_soli_Micromonospora_sagamiensis_Micromonospora_pattaloongensis_Micromonospora_inositola_Micromonospora_equina_Micromonospora_echinospora_Micromonospora_echinaurantiaca_Micromonospora_eburnea_Micromonospora_avicenniae
Streptomyces_Cluster_5	Streptomyces_yanii_Streptomyces_umbrinus_Streptomyces_sanglieri_Streptomyces_pulveraceus_Streptomyces_piomogenus_Streptomyces_kunmingensis_Streptomyces_krungchingensis_Streptomyces_glomeroaurantiacus_Streptomyces_aureus_Streptomyces_alboflavus_Streptomyces_albiflavescens
Halanaerobium_Cluster_1	Halanaerobium_sehlinense_Halanaerobium_saccharolyticum_Halanaerobium_praevalens_Halanaerobium_kushneri_Halanaerobium_hydrogeniformans_Halanaerobium_alcaliphilum_Halanaerobium_acetethylicum
Burkholderia_Cluster_3	Burkholderia_pseudomallei_Burkholderia_ubonensis_Burkholderia_thailandensis_Burkholderia_arboris_Burkholderia_humptydooensis_Burkholderia_dolosa
Helicobacter_Cluster_1	Helicobacter_rappini_Helicobacter_cinaedi_Helicobacter_canis_Helicobacter_bilis_Helicobacter_callitrichis
Flavobacterium_Cluster_2	Flavobacterium_resistens_Flavobacterium_branchiicola_Flavobacterium_reichenbachii_Flavobacterium_gyeonganense_Flavobacterium_chungangense_Flavobacterium_enrichment
Anoxybacillus_Cluster_1	Anoxybacillus_thermarum_Anoxybacillus_tengchongensis_Anoxybacillus_suryakundensis_Anoxybacillus_sp_Anoxybacillus_rupiensis_Anoxybacillus_pushchinoensis_Anoxybacillus_kamchatkensis_Anoxybacillus_gonensis_Anoxybacillus_geothermalis_Anoxybacillus_flavithermus_Anoxybacillus_amylolyticus_Anoxybacillus_bogrovensis
Halobacillus_Cluster_2	Halobacillus_yeomjeoni_Halobacillus_virgiliensis_Halobacillus_trueperi_Halobacillus_styriensis_Halobacillus_profundi_Halobacillus_litoralis_Halobacillus_faecis_Halobacillus_dabanensis_Halobacillus_andaensis_Halobacillus_blutaparonensis_Halobacillus_massiliensis
Kineococcus_Cluster_1	Kineococcus_sp_Kineococcus_gynurae_Kineococcus_radiotolerans_Kineococcus_gypseus_Kineococcus_rhizosphaerae_Kineococcus_endophyticus_Kineococcus_mangrovi
Erysipelothrix_Cluster_1	Erysipelothrix_tonsillarum_Erysipelothrix_rhusiopathiae_Erysipelothrix_inopinata_Erysipelothrix_muris
Streptomyces_Cluster_17	Streptomyces_sodiiphilus_Streptomyces_sannurensis_Streptomyces_lonarensis_Streptomyces_glauciniger_Streptomyces_bohaiensis
Algoriphagus_Cluster_1	Algoriphagus_yeomjeoni_Algoriphagus_ratkowskyi_Algoriphagus_chordae_Algoriphagus_antarcticus_Algoriphagus_aquimarinus
Gordonia_Cluster_1	Gordonia_westfalica_Gordonia_rubripertinctus_Gordonia_rubripertincta_Gordonia_namibiensis_Gordonia_hankookensis_Gordonia_effusa_Gordonia_amicalis_Gordonia_amarae_Gordonia_alkanivorans_Gordonia_ajococcus
Pseudomonas_Cluster_8	Pseudomonas_viridiflava_Pseudomonas_lutea_Pseudomonas_abietaniphila_Pseudomonas_graminis_Pseudomonas_coleopterorum
Enterococcus_Cluster_1	Enterococcus_villorum_Enterococcus_thailandicus_Enterococcus_saccharolyticus_Enterococcus_rivorum_Enterococcus_ratti_Enterococcus_pernyi_Enterococcus_olivae_Enterococcus_mundtii_Enterococcus_hirae_Enterococcus_dispar_Enterococcus_canis_Enterococcus_canintestini_Enterococcus_azikeevi_Enterococcus_ENA07
Muricauda_Cluster_1	Muricauda_ruestringensis_Muricauda_zhangzhouensis_Muricauda_taeanensis_Muricauda_beolgyonensis_Muricauda_aquimarina_Muricauda_antarctica
Mycobacterium_Cluster_8	Mycobacterium_savoniae_Mycobacterium_kuopiense_Mycobacterium_fragae_Mycobacterium_celatum_Mycobacterium_branderi_Mycobacterium_cookii
Chromobacterium_Cluster_1	Chromobacterium_vaccinii_Chromobacterium_subtsugae_Chromobacterium_piscinae_Chromobacterium_violaceum_Chromobacterium_sp_Chromobacterium_haemolyticum_Chromobacterium_amazonense_Chromobacterium_aquaticum
Moritella_Cluster_1	Moritella_viscosa_Moritella_sp_Moritella_dasanensis_Moritella_profunda_Moritella_marina_Moritella_abyssi_Moritella_japonica
Arcanobacterium_Cluster_1	Arcanobacterium_wilhelmae_Arcanobacterium_pinnipediorum_Arcanobacterium_phocae_Arcanobacterium_phocisimile
Aquamicrobium_Cluster_1	Aquamicrobium_sp_Aquamicrobium_lusatiense_Aquamicrobium_defluvii_Aquamicrobium_ahrensii_Aquamicrobium_terrae
Microbacterium_Cluster_6	Microbacterium_shrimpcida_Microbacterium_radiodurans_Microbacterium_phyllosphaerae_Microbacterium_lacus_Microbacterium_aurum_Microbacterium_oxydans_Microbacterium_maritypicum
Pseudomonas_Cluster_7	Pseudomonas_taetrolens_Pseudomonas_hunanensis_Pseudomonas_clemancea_Pseudomonas_caspiana_Pseudomonas_caricapapayae
Bosea_Cluster_1	Bosea_sp_Bosea_vestrisii_Bosea_vaviloviae_Bosea_thiooxidans_Bosea_massiliensis_Bosea_lathyri_Bosea_eneae
Terrisporobacter_Cluster_1	Terrisporobacter_sp_Terrisporobacter_glycolicus_Terrisporobacter_mayombei_Terrisporobacter_petrolearius
Acetobacter_Cluster_2	Acetobacter_syzygii_Acetobacter_pasteurianus_Acetobacter_okinawensis_Acetobacter_lambici_Acetobacter_lovaniensis_Acetobacter_fabarum_Acetobacter_pomorum
Paenarthrobacter_Cluster_1	Paenarthrobacter_ureafaciens_Paenarthrobacter_nitroguajacolicus_Paenarthrobacter_aurescens_Paenarthrobacter_nicotinovorans
Shewanella_Cluster_1	Shewanella_sp_Shewanella_vesiculosa_Shewanella_pacifica_Shewanella_livingstonensis_Shewanella_donghaensis_Shewanella_arctica_Shewanella_frigidimarina
Saccharomonospora_Cluster_1	Saccharomonospora_cyanea_Saccharomonospora_sp_Saccharomonospora_paurometabolica_Saccharomonospora_xinjiangensis_Saccharomonospora_oceani_Saccharomonospora_halophila_Saccharomonospora_azurea_Saccharomonospora_glauca
Pseudoalteromonas_Cluster_1	Pseudoalteromonas_elyakovii_Pseudoalteromonas_translucida_Pseudoalteromonas_paragorgicola_Pseudoalteromonas_nigrifaciens_Pseudoalteromonas_issachenkonii_Pseudoalteromonas_gracilis_Pseudoalteromonas_distincta_Pseudoalteromonas_citrea_Pseudoalteromonas_arctica_Pseudoalteromonas_aliena_Pseudoalteromonas_agarivorans_Pseudoalteromonas_antarctica
Thalassospira_Cluster_1	Thalassospira_sp_Thalassospira_tepidiphila_Thalassospira_profundimaris_Thalassospira_frigidphilosprofundus_Thalassospira_xianhensis_Thalassospira_xiamenensis_Thalassospira_lucentensis_Thalassospira_lohafexi_Thalassospira_alkalitolerans
Cellulomonas_Cluster_3	Cellulomonas_terrae_Cellulomonas_oligotrophica_Cellulomonas_soli_Cellulomonas_humilata_Cellulomonas_aerilata_Cellulomonas_xylanilytica
Leptospira_Cluster_2	Leptospira_weilii_Leptospira_noguchii_Leptospira_borgpetersenii_Leptospira_kirschneri_Leptospira_mayottensis
Flavobacterium_Cluster_5	Flavobacterium_hibernum_Flavobacterium_saccharophilum_Flavobacterium_frigidimaris_Flavobacterium_collinsii
Geobacillus_Cluster_2	Geobacillus_genomosp_Geobacillus_subterraneus_Geobacillus_sp_Geobacillus_icigianus_Geobacillus_tropicalis
Sphingopyxis_Cluster_1	Sphingopyxis_sp_Sphingopyxis_panaciterrae_Sphingopyxis_bauzanensis_Sphingopyxis_alaskensis_Sphingopyxis_fribergensis_Sphingopyxis_soli_Sphingopyxis_macrogoltabida_Sphingopyxis_italica_Sphingopyxis_ginsengisoli_Sphingopyxis_chilensis
Pedobacter_Cluster_2	Pedobacter_wanjuense_Pedobacter_terrae_Pedobacter_ginsenosidimutans_Pedobacter_suwonensis_Pedobacter_soli_Pedobacter_sandarakinus_Pedobacter_roseus_Pedobacter_kyungheensis_Pedobacter_jeongneungensis_Pedobacter_borealis_Pedobacter_alluvionis_Pedobacter_humicola
Acetobacter_Cluster_3	Acetobacter_ghanensis_Acetobacter_orientalis_Acetobacter_indonesiensis_Acetobacter_cibinongensis_Acetobacter_thailandicus
Brevibacillus_Cluster_1	Brevibacillus_sp_Brevibacillus_reuszeri_Brevibacillus_agri_Brevibacillus_brevis_Brevibacillus_invocatus_Brevibacillus_parabrevis_Brevibacillus_nitrificans_Brevibacillus_formosus_Brevibacillus_choshinensis_Brevibacillus_centrosporus
Clostridium_Cluster_1	Clostridium_roseum_Clostridium_felsineum_Clostridium_acetobutylicum_Clostridium_aurantibutyricum_Clostridium_puniceum_Clostridium_favososporum_Clostridium_corinoforum_Clostridium_chromiireducens_Clostridium_diolis_Clostridium_beijerinckii_Clostridium_saccharoperbutylacetonicum
Pedobacter_Cluster_3	Pedobacter_humi_Pedobacter_duraquae_Pedobacter_ginsengisoli_Pedobacter_steynii_Pedobacter_nutrimenti_Pedobacter_caeni
Loktanella_Cluster_1	Loktanella_vestfoldensis_Loktanella_maricola_Loktanella_tamlensis_Loktanella_rosea_Loktanella_sediminilitoris
Actinomycetospora_Cluster_1	Actinomycetospora_sp_Actinomycetospora_rishiriensis_Actinomycetospora_corticicola_Actinomycetospora_atypica
Streptomyces_Cluster_26	Streptomyces_thermoviolaceus_Streptomyces_thermospinosisporus_Streptomyces_thermogriseus_Streptomyces_thermoalcalitolerans
Streptomyces_Cluster_15	Streptomyces_yokosukanensis_Streptomyces_venezuelae_Streptomyces_tumescens_Streptomyces_triangulatus_Streptomyces_sviceus_Streptomyces_shaanxiensis_Streptomyces_seymenliensis_Streptomyces_rubiginosohelvolus_Streptomyces_roseogriseus_Streptomyces_rishiriensis_Streptomyces_regensis_Streptomyces_regalis_Streptomyces_rameus_Streptomyces_pseudovenezuelae_Streptomyces_prunicolor_Streptomyces_plumbiresistens_Streptomyces_plumbeus_Streptomyces_phaeopurpureus_Streptomyces_panayensis_Streptomyces_olivaceoviridis_Streptomyces_niveoruber_Streptomyces_neopeptinius_Streptomyces_natalensis_Streptomyces_moderatus_Streptomyces_mirabilis_Streptomyces_minoensis_Streptomyces_lincolnensis_Streptomyces_lasaliensis_Streptomyces_kagawaensis_Streptomyces_indigocolor_Streptomyces_hokutonensis_Streptomyces_griseochromogenes_Streptomyces_graminifolii_Streptomyces_globifer_Streptomyces_galbus_Streptomyces_cyslabdanicus_Streptomyces_curacoi_Streptomyces_corchorusii_Streptomyces_coralus_Streptomyces_ciscaucasicus_Streptomyces_cellostaticus_Streptomyces_capoamus_Streptomyces_canus_Streptomyces_canarius_Streptomyces_caeruleatus_Streptomyces_bungoensis_Streptomyces_bobili_Streptomyces_aureocirculatus
Tenacibaculum_Cluster_1	Tenacibaculum_sediminilitoris_Tenacibaculum_mesophilum_Tenacibaculum_lutimaris_Tenacibaculum_litoreum_Tenacibaculum_gallaicum_Tenacibaculum_discolor_Tenacibaculum_ascidiaceicola_Tenacibaculum_aiptasiae_Tenacibaculum_aestuarii_Tenacibaculum_adriaticum
Pseudomonas_Cluster_2	Pseudomonas_fragi_Pseudomonas_versuta_Pseudomonas_tremae_Pseudomonas_savastanoi_Pseudomonas_psychrophila_Pseudomonas_meliae_Pseudomonas_ficuserectae_Pseudomonas_congelans_Pseudomonas_cerasi_Pseudomonas_cannabina_Pseudomonas_avellanae_Pseudomonas_amygdali_Pseudomonas_asturiensis
Actinoplanes_Cluster_3	Actinoplanes_xinjiangensis_Actinoplanes_utahensis_Actinoplanes_sichuanensis_Actinoplanes_lobatus_Actinoplanes_liguriensis_Actinoplanes_garbadinensis_Actinoplanes_luojiashanensis_Actinoplanes_auranticolor_Actinoplanes_arizonaensis_Actinoplanes_rectilineatus
Marinobacter_Cluster_4	Marinobacter_bacchus_Marinobacter_alkaliphilus_Marinobacter_excellens_Marinobacter_halophilus_Marinobacter_vinifirmus
Paracoccus_Cluster_1	Paracoccus_siganidrum_Paracoccus_marinus_Paracoccus_denitrificans_Paracoccus_chinensis_Paracoccus_acridae
Thermococcus_Cluster_1	Thermococcus_thioreducens_Thermococcus_stetteri_Thermococcus_sp_Thermococcus_peptonophilus_Thermococcus_kodakarensis_Thermococcus_hydrothermalis_Thermococcus_coalescens_Thermococcus_barophilus_Thermococcus_barossii_Thermococcus_celer
Brevibacterium_Cluster_1	Brevibacterium_permense_Brevibacterium_oceani_Brevibacterium_celere_Brevibacterium_avium_Brevibacterium_aureum_Brevibacterium_H
Mycobacterium_Cluster_1	Mycobacterium_szulgai_Mycobacterium_riyadhense_Mycobacterium_paraense_Mycobacterium_malmoense_Mycobacterium_lepromatosis_Mycobacterium_lacus_Mycobacterium_kyorinense_Mycobacterium_interjectum_Mycobacterium_haemophilum_Mycobacterium_asiaticum_Mycobacterium_angelicum_Mycobacterium_alsiensis_Mycobacterium_alsense_Mycobacterium_aemonae
Halomonas_Cluster_3	Halomonas_zhaodongensis_Halomonas_zhanjiangensis_Halomonas_venusta_Halomonas_taeheungii_Halomonas_hydrothermalis_Halomonas_axialensis_Halomonas_andesensis_Halomonas_alkantarctica_Halomonas_alkaliphila_Halomonas_lutescens
Gryllotalpicola_Cluster_1	Gryllotalpicola_sp_Gryllotalpicola_kribbensis_Gryllotalpicola_daejeonensis_Gryllotalpicola_soli_Gryllotalpicola_koreensis
Methanobacterium_Cluster_1	Methanobacterium_uliginosum_Methanobacterium_espanolae_Methanobacterium_bryantii_Methanobacterium_arcticum
Arthrobacter_Cluster_2	Arthrobacter_stackebrandtii_Arthrobacter_rhombi_Arthrobacter_psychrolactophilus_Arthrobacter_psychrochitiniphilus_Arthrobacter_halodurans_Arthrobacter_cryotolerans_Arthrobacter_alpinus_Arthrobacter_cryoconiti
Shewanella_Cluster_4	Shewanella_waksmanii_Shewanella_schlegeliana_Shewanella_pneumatophori_Shewanella_marisflavi_Shewanella_japonica_Shewanella_olleyana_Shewanella_aquimarina_Shewanella_loihica_Shewanella_psychrophila
Burkholderia_Cluster_7	Burkholderia_stabilis_Burkholderia_sordidicola_Burkholderia_plantarii_Burkholderia_glumae_Burkholderia_ambifaria_Burkholderia_oklahomensis_Burkholderia_mallei_Burkholderia_lata_Burkholderia_contaminans_Burkholderia_stagnalis
Jeotgalicoccus_Cluster_1	Jeotgalicoccus_saudimassiliensis_Jeotgalicoccus_nanhaiensis_Jeotgalicoccus_halotolerans_Jeotgalicoccus_halophilus_Jeotgalicoccus_aerolatus
Leptospira_Cluster_1	Leptospira_interrogans_Leptospira_licerasiae_Leptospira_yanagawae_Leptospira_wolbachii_Leptospira_vanthielii_Leptospira_terpstrae_Leptospira_meyeri_Leptospira_biflexa
Isoptericola_Cluster_1	Isoptericola_variabilis_Isoptericola_sp_Isoptericola_halotolerans_Isoptericola_rhizophila_Isoptericola_nanjingensis_Isoptericola_hypogeus
Halomonas_Cluster_4	Halomonas_ventosae_Halomonas_titanicae_Halomonas_boliviensis_Halomonas_arcis_Halomonas_sulfidaeris_Halomonas_glaciei_Halomonas_songnenensis_Halomonas_sediminicola_Halomonas_salicampi_Halomonas_profundus_Halomonas_aquamarina_Halomonas_neptunia
Arthrobacter_Cluster_1	Arthrobacter_sulfonivorans_Arthrobacter_soli_Arthrobacter_ramosus_Arthrobacter_phenanthrenivorans_Arthrobacter_oryzae_Arthrobacter_nitroguajacolicus_Arthrobacter_methylotrophus_Arthrobacter_humicola_Arthrobacter_gyeryongensis_Arthrobacter_cupressi_Arthrobacter_bambusae_Arthrobacter_aurescens_Arthrobacter_alkaliphilus
Paenibacillus_Cluster_8	Paenibacillus_borealis_Paenibacillus_wynnii_Paenibacillus_riograndensis_Paenibacillus_sonchi_Paenibacillus_odorifer_Paenibacillus_etheri_Paenibacillus_graminis_Paenibacillus_salinicaeni_Paenibacillus_taohuashanense
Chromohalobacter_Cluster_2	Chromohalobacter_sp_Chromohalobacter_sarecensis_Chromohalobacter_nigrandesensis_Chromohalobacter_japonicus
Micromonospora_Cluster_5	Micromonospora_rosaria_Micromonospora_fluostatini_Micromonospora_echinofusca_Micromonospora_olivasterospora_Micromonospora_costi_Micromonospora_pallida
Vibrio_Cluster_2	Vibrio_gallaecicus_Vibrio_tapetis_Vibrio_shiloi_Vibrio_mediterranei_Vibrio_aestuarianus_Vibrio_hippocampi_Vibrio_barjaei_Vibrio_genomosp_Vibrio_cortegadensis
Ectothiorhodospira_Cluster_1	Ectothiorhodospira_variabilis_Ectothiorhodospira_haloalkaliphila_Ectothiorhodospira_marina_Ectothiorhodospira_shaposhnikovii_Ectothiorhodospira_sp_Ectothiorhodospira_magna
Streptomyces_Cluster_9	Streptomyces_viridocyaneus_Streptomyces_tsukubensis_Streptomyces_tsukubaensis_Streptomyces_rectiviolaceus_Streptomyces_longisporoflavus_Streptomyces_kanamyceticus_Streptomyces_inusitatus_Streptomyces_durmitorensis_Streptomyces_avermitilis_Streptomyces_amakusaensis
Jiangella_Cluster_1	Jiangella_ginsengisoli_Jiangella_alkaliphila_Jiangella_alba_Jiangella_gansuensis_Jiangella_mangrovi_Jiangella_muralis
Xenorhabdus_Cluster_1	Xenorhabdus_vietnamensis_Xenorhabdus_thuongxuanensis_Xenorhabdus_sp_Xenorhabdus_ishibashii_Xenorhabdus_griffiniae_Xenorhabdus_ehlersii_Xenorhabdus_eapokensis
Halorubrum_Cluster_2	Halorubrum_tropicale_Halorubrum_trapanicum_Halorubrum_sodomense_Halorubrum_ezzemoulense_Halorubrum_coriense_Halorubrum_californiense_Halorubrum_ejinorense
Brachybacterium_Cluster_1	Brachybacterium_paraconglomeratum_Brachybacterium_sacelli_Brachybacterium_massiliense_Brachybacterium_ginsengisoli_Brachybacterium_faecium_Brachybacterium_arcticum
Bacillus_Cluster_6	Bacillus_oryziterrae_Bacillus_horneckiae_Bacillus_depressus_Bacillus_glycinifermentans_Bacillus_freudenreichii_Bacillus_gobiensis
Paraburkholderia_Cluster_1	Paraburkholderia_phenoliruptrix_Paraburkholderia_sp_Paraburkholderia_phytofirmans_Paraburkholderia_phenazinium_Paraburkholderia_graminis_Paraburkholderia_dipogonis_Paraburkholderia_caledonica_Paraburkholderia_kirstenboschensis
Sphaerisporangium_Cluster_2	Sphaerisporangium_viridialbum_Sphaerisporangium_rufum_Sphaerisporangium_melleum_Sphaerisporangium_krabiense_Sphaerisporangium_flaviroseum_Sphaerisporangium_dianthi_Sphaerisporangium_cinnabarinum
Micrococcus_Cluster_1	Micrococcus_thailandicus_Micrococcus_sp_Micrococcus_lylae_Micrococcus_flavus_Micrococcus_endophyticus_Micrococcus_cohnii_Micrococcus_antarcticus
Flavobacterium_Cluster_1	Flavobacterium_sinopsychrotolerans_Flavobacterium_limicola_Flavobacterium_frigidarium_Flavobacterium_crassostreae
Curtobacterium_Cluster_1	Curtobacterium_oceanosedimentum_Curtobacterium_luteum_Curtobacterium_herbarum_Curtobacterium_citreum_Curtobacterium_ammoniigenes_Curtobacterium_MG-2011-13-CA
Helicobacter_Cluster_2	Helicobacter_trogontum_Helicobacter_cf_Helicobacter_canadensis_Helicobacter_equorum_Helicobacter_pullorum_Helicobacter_pametensis
Nocardia_Cluster_2	Nocardia_veterana_Nocardia_elegans_Nocardia_vermiculata_Nocardia_caverna_Nocardia_africana_Nocardia_aciditolerans
Saccharothrix_Cluster_2	Saccharothrix_yanglingensis_Saccharothrix_texasensis_Saccharothrix_stipae_Saccharothrix_saharensis_Saccharothrix_longispora_Saccharothrix_coeruleofusca_Saccharothrix_carnea_Saccharothrix_hoggarensis
Mycobacterium_Cluster_2	Mycobacterium_yongonense_Mycobacterium_vulneris_Mycobacterium_ulcerans_Mycobacterium_tuberculosis_Mycobacterium_timonense_Mycobacterium_shottsii_Mycobacterium_shinjukuense_Mycobacterium_seoulense_Mycobacterium_scrofulaceum_Mycobacterium_saskatchewanense_Mycobacterium_pseudoshottsii_Mycobacterium_pinnipedii_Mycobacterium_paraseoulense_Mycobacterium_paraintracellulare_Mycobacterium_paraffinicum_Mycobacterium_palustre_Mycobacterium_nebraskense_Mycobacterium_microti_Mycobacterium_marseillense_Mycobacterium_marinum_Mycobacterium_mantenii_Mycobacterium_liflandii_Mycobacterium_kansasii_Mycobacterium_intracellulare_Mycobacterium_intermedium_Mycobacterium_indicus_Mycobacterium_gastri_Mycobacterium_colombiense_Mycobacterium_chimaera_Mycobacterium_chesapeaki_Mycobacterium_caprae_Mycobacterium_canettii_Mycobacterium_bovis_Mycobacterium_bourgelatii_Mycobacterium_bouchedurhonense_Mycobacterium_bohemicum_Mycobacterium_arosiense_Mycobacterium_africanum
Streptomyces_Cluster_7	Streptomyces_olivochromogenes_Streptomyces_puniceus_Streptomyces_pratensis_Streptomyces_globisporus_Streptomyces_anulatus_Streptomyces_albidus_Streptomyces_albolongus
Rhizobium_Cluster_3	Rhizobium_tubonense_Rhizobium_tibeticum_Rhizobium_metallidurans_Rhizobium_grahamii_Rhizobium_favelukesii_Rhizobium_endophyticum_Rhizobium_cauense
Allochromatium_Cluster_1	Allochromatium_vinosum_Allochromatium_sp_Allochromatium_minutissimum_Allochromatium_renukae_Allochromatium_phaeobacterium_Allochromatium_humboldtianum_Allochromatium_sesquicentenarium
Vibrio_Cluster_1	Vibrio_parahaemolyticus_Vibrio_campbellii_Vibrio_coralliilyticus_Vibrio_alginolyticus_Vibrio_owensii_Vibrio_harveyi_Vibrio_xuii_Vibrio_variabilis_Vibrio_tubiashii_Vibrio_sinaloensis_Vibrio_shilonii_Vibrio_scophthalmi_Vibrio_sagamiensis_Vibrio_rotiferianus_Vibrio_ponticus_Vibrio_neptunius_Vibrio_natriegens_Vibrio_alfacsensis_Vibrio_ichthyoenteri_Vibrio_hepatarius_Vibrio_gallicus_Vibrio_galatheae_Vibrio_europaeus_Vibrio_diabolicus_Vibrio_caribbeanicus_Vibrio_brasiliensis_Vibrio_azureus_Vibrio_antiquarius_Vibrio_algoinfesta
Pseudomonas_Cluster_11	Pseudomonas_trautweinii_Pseudomonas_toyotomiensis_Pseudomonas_sihuiensis_Pseudomonas_pseudoalcaligenes_Pseudomonas_oleovorans_Pseudomonas_composti_Pseudomonas_lubricans_Pseudomonas_guguanensis_Pseudomonas_chengduensis_Pseudomonas_lindanilytica
Streptacidiphilus_Cluster_1	Streptacidiphilus_sp_Streptacidiphilus_neutrinimicus_Streptacidiphilus_hamsterleyensis_Streptacidiphilus_durhamensis_Streptacidiphilus_albus
Pseudomonas_Cluster_14	Pseudomonas_veronii_Pseudomonas_brenneri_Pseudomonas_tolaasii_Pseudomonas_libanensis_Pseudomonas_antarctica_Pseudomonas_poae
Gordonia_Cluster_2	Gordonia_sihwensis_Gordonia_neofelifaecis_Gordonia_malaquae_Gordonia_hydrophobica_Gordonia_humi_Gordonia_cholesterolivorans_Gordonia_australis
Halomonas_Cluster_1	Halomonas_salina_Halomonas_organivorans_Halomonas_mongoliensis_Halomonas_maura_Halomonas_koreensis_Halomonas_denitrificans_Halomonas_cupida_Halomonas_aestuarii
Mycobacterium_Cluster_4	Mycobacterium_wolinskyi_Mycobacterium_tokaiense_Mycobacterium_peregrinum_Mycobacterium_neoaurum_Mycobacterium_murale_Mycobacterium_moriokaense_Mycobacterium_mageritense_Mycobacterium_litorale_Mycobacterium_lacticola_Mycobacterium_jacuzzii_Mycobacterium_iranicum_Mycobacterium_hippocampi_Mycobacterium_gilvum_Mycobacterium_duvalii_Mycobacterium_cosmeticum_Mycobacterium_chubuense_Mycobacterium_canariasense_Mycobacterium_bacteremicum_Mycobacterium_aurum_Mycobacterium_anyangense
Pseudonocardia_Cluster_2	Pseudonocardia_tetrahydrofuranoxydans_Pseudonocardia_sulfidoxydans_Pseudonocardia_hydrocarbonoxydans_Pseudonocardia_dioxanivorans
Streptomyces_Cluster_11	Streptomyces_ziwulingensis_Streptomyces_zinciresistens_Streptomyces_violaceorubidus_Streptomyces_violaceolatus_Streptomyces_thinghirensis_Streptomyces_thermosacchari_Streptomyces_silaceus_Streptomyces_shandonggensis_Streptomyces_sclerogranulatus_Streptomyces_saprophyticus_Streptomyces_sahachiroi_Streptomyces_rutgersensis_Streptomyces_rubrocyanodiastaticus_Streptomyces_rochei_Streptomyces_radiopugnans_Streptomyces_plicatus_Streptomyces_phaeoluteichromatogenes_Streptomyces_paulus_Streptomyces_nogalater_Streptomyces_nobilis_Streptomyces_multispiralis_Streptomyces_muensis_Streptomyces_minutiscleroticus_Streptomyces_maritimus_Streptomyces_malaysiense_Streptomyces_malachitospinus_Streptomyces_luteocolor_Streptomyces_longissimus_Streptomyces_lividans_Streptomyces_litmocidini_Streptomyces_lazureus_Streptomyces_lavenduligriseus_Streptomyces_krainskii_Streptomyces_koyangensis_Streptomyces_intermedius_Streptomyces_humiferus_Streptomyces_griseodotifer_Streptomyces_griseoaurantiacus_Streptomyces_gougerotii_Streptomyces_glomeratus_Streptomyces_geysiriensis_Streptomyces_fungicidicus_Streptomyces_fulvissimus_Streptomyces_fradiae_Streptomyces_flavorectus_Streptomyces_flavofungini_Streptomyces_flaveolus_Streptomyces_finlayi_Streptomyces_fabae_Streptomyces_exfoliatus_Streptomyces_eurythermus_Streptomyces_enissocaesilis_Streptomyces_diastaticus_Streptomyces_daghestanicus_Streptomyces_cyanogenus_Streptomyces_cyanocolor_Streptomyces_costaricanus_Streptomyces_coriofaciens_Streptomyces_coelicoflavus_Streptomyces_coelescens_Streptomyces_cinnamocastaneus_Streptomyces_cinereospinus_Streptomyces_chromofuscus_Streptomyces_castaneoglobisporus_Streptomyces_carnosus_Streptomyces_caesius_Streptomyces_cacaoi_Streptomyces_brunneogriseus_Streptomyces_aureoverticillatus_Streptomyces_argenteolus_Streptomyces_anthocyanicus_Streptomyces_ansochromogenes_Streptomyces_anandii_Streptomyces_alfalfae_Streptomyces_andamanensis
Vibrio_Cluster_4	Vibrio_superstes_Vibrio_neonatus_Vibrio_breoganii_Vibrio_halioticoli_Vibrio_ezurae_Vibrio_comitans_Vibrio_rarus
Alkaliphilus_Cluster_1	Alkaliphilus_transvaalensis_Alkaliphilus_metalliredigens_Alkaliphilus_peptidifermentans_Alkaliphilus_sp
Polaromonas_Cluster_1	Polaromonas_naphthalenivorans_Polaromonas_jejuensis_Polaromonas_aquatica_Polaromonas_cryoconiti_Polaromonas_glacialis
Haloterrigena_Cluster_1	Haloterrigena_sp_Haloterrigena_thermotolerans_Haloterrigena_jeotgali_Haloterrigena_saccharevitans_Haloterrigena_turkmenica
Mycobacterium_Cluster_12	Mycobacterium_sediminis_Mycobacterium_sarraceniae_Mycobacterium_sacrum_Mycobacterium_hackensackense_Mycobacterium_diernhoferi_Mycobacterium_frederiksbergense
Psychrobacter_Cluster_4	Psychrobacter_submarinus_Psychrobacter_maritimus_Psychrobacter_halophilus_Psychrobacter_psychrophilus
Pseudomonas_Cluster_13	Pseudomonas_xinjiangensis_Pseudomonas_salina_Pseudomonas_sabulinigri_Pseudomonas_pelagia_Pseudomonas_bauzanensis_Pseudomonas_litoralis
Caulobacter_Cluster_1	Caulobacter_vibrioides_Caulobacter_crescentus_Caulobacter_segnis_Caulobacter_henricii_Caulobacter_flavus
Nocardioides_Cluster_1	Nocardioides_flava_Nocardioides_oleivorans_Nocardioides_ganghwensis_Nocardioides_exalbidus_Nocardioides_furvisabuli
Clostridium_Cluster_2	Clostridium_thiosulfatireducens_Clostridium_subterminale_Clostridium_argentinense_Clostridium_schirmacherense_Clostridium_sulfidigenes
Dactylosporangium_Cluster_1	Dactylosporangium_vinaceum_Dactylosporangium_tropicum_Dactylosporangium_thailandense_Dactylosporangium_sucinum_Dactylosporangium_sp_Dactylosporangium_solaniradicis_Dactylosporangium_siamense_Dactylosporangium_salmoneum_Dactylosporangium_roseum_Dactylosporangium_maewongense_Dactylosporangium_luridum_Dactylosporangium_fulvum_Dactylosporangium_darangshiense_Dactylosporangium_cerinum_Dactylosporangium_aurantiacum
Paenibacillus_Cluster_5	Paenibacillus_terrigena_Paenibacillus_susongensis_Paenibacillus_guangzhouensis_Paenibacillus_selenitireducens
Burkholderia_Cluster_5	Burkholderia_territorii_Burkholderia_seminalis_Burkholderia_gladioli_Burkholderia_diffusa_Burkholderia_pyrrocinia_Burkholderia_anthina_Burkholderia_latens
Brevibacterium_Cluster_2	Brevibacterium_sanguinis_Brevibacterium_sandarakinum_Brevibacterium_linens_Brevibacterium_aurantiacum_Brevibacterium_antiquum_Brevibacterium_antarcticum_Brevibacterium_iodinum_Brevibacterium_epidermidis_Brevibacterium_sediminis
Trichococcus_Cluster_1	Trichococcus_patagoniensis_Trichococcus_flocculiformis_Trichococcus_collinsii_Trichococcus_palustris_Trichococcus_pasteurii
Terrabacter_Cluster_1	Terrabacter_tumescens_Terrabacter_terrigena_Terrabacter_terrae_Terrabacter_sp_Terrabacter_ginsenosidimutans_Terrabacter_carboxydivorans_Terrabacter_aerolatus_Terrabacter_lapilli
Arthrobacter_Cluster_4	Arthrobacter_psychrophenolicus_Arthrobacter_antarcticus_Arthrobacter_gangotriensis_Arthrobacter_sulfureus
Marinobacter_Cluster_1	Marinobacter_zhanjiangensis_Marinobacter_oulmenensis_Marinobacter_lacisalsi_Marinobacter_daqiaonensis_Marinobacter_haloterrigenus
Thermoanaerobacter_Cluster_2	Thermoanaerobacter_wiegelii_Thermoanaerobacter_acetoethylicus_Thermoanaerobacter_siderophilus_Thermoanaerobacter_thermohydrosulfuricus
Flavobacterium_Cluster_4	Flavobacterium_xanthum_Flavobacterium_frigoris_Flavobacterium_degerlachei_Flavobacterium_aff_Flavobacterium_fryxellicola_Flavobacterium_omnivorum
Streptococcus_Cluster_1	Streptococcus_phage_Streptococcus_tigurinus_Streptococcus_pseudopneumoniae_Streptococcus_oligofermentans_Streptococcus_genomosp_Streptococcus_dentisani
Brucella_Cluster_1	Brucella_vulpis_Brucella_suis_Brucella_sp_Brucella_pinnipedialis_Brucella_papionis_Brucella_ovis_Brucella_microti_Brucella_melitensis_Brucella_inopinata_Brucella_ceti_Brucella_canis_Brucella_abortus
Fictibacillus_Cluster_1	Fictibacillus_sp_Fictibacillus_phosphorivorans_Fictibacillus_nanhaiensis_Fictibacillus_barbaricus_Fictibacillus_gelatini_Fictibacillus_arsenicus_Fictibacillus_halophilus
Chryseobacterium_Cluster_2	Chryseobacterium_scophthalmum_Chryseobacterium_piscium_Chryseobacterium_piscicola_Chryseobacterium_indoltheticum_Chryseobacterium_balustinum
Leucobacter_Cluster_1	Leucobacter_sp_Leucobacter_tardus_Leucobacter_luti_Leucobacter_kyeonggiensis_Leucobacter_iarius_Leucobacter_celer_Leucobacter_chironomi
Phycicoccus_Cluster_1	Phycicoccus_ochangensis_Phycicoccus_ginsenosidimutans_Phycicoccus_dokdonensis_Phycicoccus_aerolatum_Phycicoccus_aerophilus
Thiocapsa_Cluster_1	Thiocapsa_subramanianii_Thiocapsa_sp_Thiocapsa_roseopersicina_Thiocapsa_marina_Thiocapsa_machilipatnamensis
Cohnella_Cluster_1	Cohnella_sp_Cohnella_panacarvi_Cohnella_lupini_Cohnella_luojiensis_Cohnella_kolymensis_Cohnella_arctica
Chromohalobacter_Cluster_1	Chromohalobacter_salexigens_Chromohalobacter_marismortui_Chromohalobacter_canadensis_Chromohalobacter_israelensis
Promicromonospora_Cluster_1	Promicromonospora_xylanilytica_Promicromonospora_aerolata_Promicromonospora_vindobonensis_Promicromonospora_umidemergens_Promicromonospora_sukumoe_Promicromonospora_citrea_Promicromonospora_cymbopogonis_Promicromonospora_endophytica_Promicromonospora_iranensis
Actinokineospora_Cluster_1	Actinokineospora_sp_Actinokineospora_guangxiensis_Actinokineospora_diospyrosa_Actinokineospora_cibodasensis_Actinokineospora_bangkokensis
Staphylococcus_Cluster_2	Staphylococcus_warneri_Staphylococcus_sp_Staphylococcus_saccharolyticus_Staphylococcus_pasteuri_Staphylococcus_haemolyticus_Staphylococcus_caprae
Streptococcus_Cluster_2	Streptococcus_sp_Streptococcus_rubneri_Streptococcus_australis_Streptococcus_lactarius_Streptococcus_parasanguinis
Rickettsia_Cluster_1	Rickettsia_sp_Rickettsia_endosymbiont_Rickettsia_Rickettsia_Rickettsia_tarasevichiae_Rickettsia_tamurae_Rickettsia_symbiont_Rickettsia_slovaca_Rickettsia_secondary_Rickettsia_rhipicephali_Rickettsia_raoultii_Rickettsia_prowazekii_Rickettsia_peacockii_Rickettsia_massiliae_Rickettsia_heilongjiangensis_Rickettsia_felis_Rickettsia_conorii_Rickettsia_bellii_Rickettsia_australis_Rickettsia_africae_Rickettsia_aeschlimannii
Sphingomonas_Cluster_2	Sphingomonas_yabuuchiae_Sphingomonas_pseudosanguinis_Sphingomonas_aeria_Sphingomonas_parapaucimobilis
Pseudoalteromonas_Cluster_2	Pseudoalteromonas_viridis_Pseudoalteromonas_rubra_Pseudoalteromonas_piscicida_Pseudoalteromonas_peptidolytica_Pseudoalteromonas_maricaloris_Pseudoalteromonas_flavipulchra_Pseudoalteromonas_byunsanensis
