Aerococcus_urinae/Aerococcus_urinae_B	Aerococcus_urinae	V3V4
Anaerococcus_marasmi/Anaerococcus_prevotii	Anaerococcus_marasmi	V3V4
Anaerostipes_hadrus	Anaerostipes_hadrus	V3V4
Arcanobacterium_A_bovis/Arcanobacterium_A_pluranimalium	Arcanobacterium_A_bovis	V3V4
Bifidobacterium_piotii/Bifidobacterium_vaginale	Bifidobacterium_piotii	V3V4
Clostridium_Q_symbiosum_A/Clostridium_Q_transplantifaecale	Clostridium_Q_symbiosum_A	V3V4
Corynebacterium_diphtheriae/Corynebacterium_sp007904105	Corynebacterium_diphtheriae	V3V4
Corynebacterium_humireducens/Corynebacterium_marinum	Corynebacterium_humireducens	V3V4
Corynebacterium_minutissimum/Corynebacterium_phoceense	Corynebacterium_minutissimum	V3V4
Enorma_massiliensis/Enorma_phocaeensis	Enorma_massiliensis	V3V4
Extibacter_muris/Extibacter_sp001185345	Extibacter_muris	V3V4
Fimousia_sp001940245/Oliverpabstia_sp022764165	Fimousia_sp001940245	V3V4
Fusobacterium_nucleatum/Fusobacterium_polymorphum	Fusobacterium_nucleatum	V3V4
Granulicatella_adiacens/Granulicatella_sp001058355	Granulicatella_adiacens	V3V4
Lachnospira_eligens_A/Lachnospira_sp003451515	Lachnospira_eligens_A	V3V4
Lactobacillus_acidophilus/Lactobacillus_crispatus/Lactobacillus_helveticus/Lactobacillus_kefiranofaciens	Lactobacillus_acidophilus	V3V4
Lactobacillus_helveticus/Lactobacillus_kefiranofaciens	Lactobacillus_helveticus	V3V4
Lactobacillus_acidophilus/Lactobacillus_helveticus	Lactobacillus_acidophilus	V3V4
Lactobacillus_paragasseri	Lactobacillus_paragasseri	V3V4
Pauljensenia_odontolytica_A/Pauljensenia_sp000466265	Pauljensenia_odontolytica_A	V3V4
Pauljensenia_sp902373545/Pauljensenia_sp916438365	Pauljensenia_sp902373545	V3V4
RUG740_sp900199385/RUG740_sp900322155	RUG740_sp900199385	V3V4
Staphylococcus_pasteuri	Staphylococcus_pasteuri	V3V4
Streptococcus_macedonicus/Streptococcus_pasteurianus	Streptococcus_macedonicus	V3V4
Streptococcus_thermophilus	Streptococcus_thermophilus	V3V4
