Acidaminococcus_fermentans/Acidaminococcus_intestini	Acidaminococcus_fermentans	V3V4
Anaerobutyricum_hallii/Anaerobutyricum_soehngenii	Anaerobutyricum_hallii	V3V4
Anaerococcus_marasmi/Anaerococcus_prevotii	Anaerococcus_marasmi	V3V4
Anaerostipes_hadrus/Anaerostipes_hadrus_A/Butyrivibrio_A_crossotus	Anaerostipes_hadrus	V3V4
Arcanobacterium_A_bovis/Arcanobacterium_A_pluranimalium	Arcanobacterium_A_bovis	V3V4
Bacillus_spizizenii/Odoribacter_splanchnicus	Bacillus_spizizenii	V3V4
Bifidobacterium_bifidum/Varibaculum_timonense_A	Bifidobacterium_bifidum	V3V4
Bifidobacterium_infantis/Bifidobacterium_longum	Bifidobacterium_infantis	V3V4
Bifidobacterium_piotii/Bifidobacterium_vaginale	Bifidobacterium_piotii	V3V4
Agathobacter_faecis/Blautia_A_massiliensis	Agathobacter_faecis	V3V4
Blautia_A_massiliensis/Blautia_A_sp900066335	Blautia_A_massiliensis	V3V4
Blautia_coccoides/Blautia_sp001304935	Blautia_coccoides	V3V4
Blautia_hominis/Blautia_sp001304935	Blautia_hominis	V3V4
Clostridium_Q_symbiosum_A/Clostridium_Q_transplantifaecale	Clostridium_Q_symbiosum_A	V3V4
Corynebacterium_amycolatum/Corynebacterium_lactis	Corynebacterium_amycolatum	V3V4
Corynebacterium_humireducens/Corynebacterium_marinum	Corynebacterium_humireducens	V3V4
Corynebacterium_casei/Corynebacterium_stationis	Corynebacterium_casei	V3V4
Enorma_massiliensis/Enorma_phocaeensis	Enorma_massiliensis	V3V4
Extibacter_muris/Extibacter_sp001185345	Extibacter_muris	V3V4
Fimousia_sp001940245/Oliverpabstia_sp022764165	Fimousia_sp001940245	V3V4
Blautia_A_obeum/Fusicatenibacter_saccharivorans	Blautia_A_obeum	V3V4
Fusobacterium_nucleatum/Fusobacterium_polymorphum/Fusobacterium_vincentii	Fusobacterium_nucleatum	V3V4
Granulicatella_adiacens/Granulicatella_sp001058355	Granulicatella_adiacens	V3V4
Lachnoanaerobaculum_sp000296385/Lachnoanaerobaculum_sp916439105	Lachnoanaerobaculum_sp000296385	V3V4
Lachnospira_eligens_A/Lachnospira_sp003451515	Lachnospira_eligens_A	V3V4
Lactobacillus_gasseri/Lactobacillus_paragasseri	Lactobacillus_gasseri	V3V4
Lactobacillus_crispatus/Lactobacillus_helveticus/Lactobacillus_kefiranofaciens	Lactobacillus_crispatus	V3V4
Leptotrichia_shahii/Sneathia_sanguinegens	Leptotrichia_shahii	V3V4
Lancefieldella_sp000564995/Limosilactobacillus_mucosae	Lancefieldella_sp000564995	V3V4
Neisseria_meningitidis/Neisseria_polysaccharea	Neisseria_meningitidis	V3V4
Neisseria_gonorrhoeae/Neisseria_polysaccharea	Neisseria_gonorrhoeae	V3V4
Pauljensenia_odontolytica_A/Pauljensenia_sp000466265	Pauljensenia_odontolytica_A	V3V4
Pauljensenia_sp902373545/Pauljensenia_sp916438365	Pauljensenia_sp902373545	V3V4
Rothia_aeria/Rothia_mucilaginosa/Rothia_sp902373285	Rothia_aeria	V3V4
RUG740_sp900199385/RUG740_sp900322155	RUG740_sp900199385	V3V4
Streptococcus_agalactiae/Streptococcus_dysgalactiae	Streptococcus_agalactiae	V3V4
Streptococcus_cristatus/Streptococcus_parasanguinis	Streptococcus_cristatus	V3V4
Streptococcus_macedonicus/Streptococcus_pasteurianus	Streptococcus_macedonicus	V3V4
