Acetatifactor_intestinalis/Acetatifactor_sp900066565	Acetatifactor_intestinalis	V1V3
Acidaminococcus_fermentans/Acidaminococcus_intestini	Acidaminococcus_fermentans	V1V3
Actinomyces_faecalis/Actinomyces_urogenitalis	Actinomyces_faecalis	V1V3
Aerococcus_urinae_B/Aerococcus_urinae_D	Aerococcus_urinae_B	V1V3
Agathobacter_rectalis/RuminococcuB_gnavus	Agathobacter_rectalis	V1V3
Anaerococcus_hydrogenalis/Anaerococcus_senegalensis	Anaerococcus_hydrogenalis	V1V3
Anaerocolumna_chitinilytica/Anaerocolumna_sp023450835	Anaerocolumna_chitinilytica	V1V3
Anaerostipes_hadrus/Anaerostipes_hadrus_A	Anaerostipes_hadrus	V1V3
Bariatricus_comes/Fusicatenibacter_saccharivorans	Bariatricus_comes	V1V3
Bifidobacterium_bifidum/RuminococcuB_gnavus	Bifidobacterium_bifidum	V1V3
Bifidobacterium_bifidum/Bifidobacterium_longum	Bifidobacterium_bifidum	V1V3
Bifidobacterium_infantis/Bifidobacterium_longum	Bifidobacterium_infantis	V1V3
Bifidobacterium_adolescentis/Bifidobacterium_longum	Bifidobacterium_adolescentis	V1V3
Bifidobacterium_kashiwanohense/Bifidobacterium_pseudocatenulatum	Bifidobacterium_kashiwanohense	V1V3
Bifidobacterium_piotii/Bifidobacterium_vaginale/Bifidobacterium_vaginale_B	Bifidobacterium_piotii	V1V3
Blautia_A_faecis/Blautia_A_sp900066145/Blautia_A_sp905206915	Blautia_A_faecis	V1V3
Blautia_A_luti/Blautia_A_sp018919065/Blautia_A_wexlerae/Blautia_A_wexlerae_B	Blautia_A_luti	V1V3
Blautia_A_wexlerae/Fusobacterium_polymorphum	Blautia_A_wexlerae	V1V3
Blautia_A_massiliensis/Blautia_A_sp000285855/Blautia_A_sp003471165/Blautia_A_wexlerae	Blautia_A_massiliensis	V1V3
Blautia_coccoides/Blautia_hominis	Blautia_coccoides	V1V3
Collinsella_aerofaciens_S/Collinsella_sp002391315	Collinsella_aerofaciens_S	V1V3
CoprococcuA_catus/CoprococcuA_catus_A	CoprococcuA_catus	V1V3
Coprococcus_sp000154245/Coprococcus_sp900066115	Coprococcus_sp000154245	V1V3
Copromonas_sp900066055/Copromonas_sp900066535	Copromonas_sp900066055	V1V3
Copromonas_sp900066535/Copromonas_sp900066785	Copromonas_sp900066535	V1V3
Corynebacterium_amycolatum/Corynebacterium_xerosis	Corynebacterium_amycolatum	V1V3
Corynebacterium_aurimucosum/Corynebacterium_minutissimum	Corynebacterium_aurimucosum	V1V3
Corynebacterium_mycetoides/Corynebacterium_sanguinis	Corynebacterium_mycetoides	V1V3
Corynebacterium_simulans/Corynebacterium_striatum	Corynebacterium_simulans	V1V3
Dorea_A_longicatena/Dorea_A_longicatena_B/JAFBIX01_sp021531895	Dorea_A_longicatena	V1V3
Enterocloster_asparagiformis/Enterocloster_lavalensis	Enterocloster_asparagiformis	V1V3
Enterocloster_clostridioformis/Enterocloster_sp005845215	Enterocloster_clostridioformis	V1V3
Ezakiella_coagulans/Ezakiella_sp900540185	Ezakiella_coagulans	V1V3
Fusobacterium_hwasookii/Fusobacterium_polymorphum/Fusobacterium_vincentii	Fusobacterium_hwasookii	V1V3
Hominisplanchenecus_faecis/Hominisplanchenecus_sp905214675	Hominisplanchenecus_faecis	V1V3
Hungatella_effluvii/Hungatella_hathewayi	Hungatella_effluvii	V1V3
Lachnoanaerobaculum_sp000296385/Lachnoanaerobaculum_sp916439285	Lachnoanaerobaculum_sp000296385	V1V3
Lacrimispora_xylanolytica_B/Lacrimispora_xylanolytica_C	Lacrimispora_xylanolytica_B	V1V3
Lactobacillus_gasseri/Lactobacillus_paragasseri	Lactobacillus_gasseri	V1V3
Lactococcus_cremoris/Lactococcus_lactis	Lactococcus_cremoris	V1V3
Merdisoma_sp910574255/Merdisoma_sp910576325	Merdisoma_sp910574255	V1V3
Odoribacter_splanchnicus/Prevotella_denticola	Odoribacter_splanchnicus	V1V3
Odoribacter_splanchnicus/Tannerella_forsythia	Odoribacter_splanchnicus	V1V3
Oliverpabstia_intestinalis/Oliverpabstia_sp022764165	Oliverpabstia_intestinalis	V1V3
Oribacterium_asaccharolyticum/Oribacterium_parvum/Oribacterium_sp916439225	Oribacterium_asaccharolyticum	V1V3
Pauljensenia_odontolytica_A/Pauljensenia_odontolytica_B	Pauljensenia_odontolytica_A	V1V3
Pauljensenia_sp000278725/Pauljensenia_sp000466265	Pauljensenia_sp000278725	V1V3
Pauljensenia_sp902373435/Pauljensenia_sp916438365	Pauljensenia_sp902373435	V1V3
Prevotella_copri/Prevotella_copri_B	Prevotella_copri	V1V3
Pseudobutyrivibrio_ruminis_A/Pseudobutyrivibrio_xylanivorans_A	Pseudobutyrivibrio_ruminis_A	V1V3
Rothia_mucilaginosa/Rothia_sp001808955	Rothia_mucilaginosa	V1V3
Schaedlerella_arabinosiphila/Schaedlerella_sp009911175	Schaedlerella_arabinosiphila	V1V3
Staphylococcus_haemolyticus/Staphylococcus_warneri	Staphylococcus_haemolyticus	V1V3
Streptococcus_constellatus/Streptococcus_intermedius	Streptococcus_constellatus	V1V3
Streptococcus_mitis/Streptococcus_pneumoniae/Streptococcus_pseudopneumoniae/Streptococcus_sp000187745	Streptococcus_mitis	V1V3
Streptococcus_mitis/Streptococcus_oralis/Streptococcus_pneumoniae/Streptococcus_pseudopneumoniae/Streptococcus_sp000187745	Streptococcus_mitis	V1V3
Streptococcus_oralis/Streptococcus_xiaochunlingii	Streptococcus_oralis	V1V3
Histophilus_somni/Streptococcus_salivarius	Histophilus_somni	V1V3
Streptococcus_salivarius/Streptococcus_sp001556435/Streptococcus_vestibularis	Streptococcus_salivarius	V1V3
Streptococcus_parasanguinis/Streptococcus_sp900766505	Streptococcus_parasanguinis	V1V3
Veillonella_nakazawae/Veillonella_parvula	Veillonella_nakazawae	V1V3
