Actinomyces_graevenitzii/Actinomyces_sp915063485	Actinomyces_graevenitzii	V4V4
Bifidobacterium_adolescentis/ISDg_sp902797475	Bifidobacterium_adolescentis	V4V4
Bifidobacterium_bifidum/Bifidobacterium_longum	Bifidobacterium_bifidum	V4V4
Bifidobacterium_breve/Bifidobacterium_longum	Bifidobacterium_breve	V4V4
Bifidobacterium_infantis/Bifidobacterium_longum	Bifidobacterium_infantis	V4V4
Bifidobacterium_longum/Staphylococcus_pasteuri	Bifidobacterium_longum	V4V4
Bifidobacterium_longum/Lacticaseibacillus_rhamnosus	Bifidobacterium_longum	V4V4
Bifidobacterium_longum/Pyramidobacter_piscolens	Bifidobacterium_longum	V4V4
Butyrivibrio_hungatei/Butyrivibrio_sp900112195	Butyrivibrio_hungatei	V4V4
CAG-791_sp022483465/CAG-791_sp900318875	CAG-791_sp022483465	V4V4
CAG-95_sp000438155/CAG-95_sp021628825	CAG-95_sp000438155	V4V4
Choladocola_sp910575445/UBA3282_sp910577735	Choladocola_sp910575445	V4V4
Clostridium_Q_symbiosum_A/Clostridium_Q_transplantifaecale	Clostridium_Q_symbiosum_A	V4V4
Copromonas_sp900066055/Copromonas_sp900066535	Copromonas_sp900066055	V4V4
Corynebacterium_diphtheriae/Corynebacterium_vitaeruminis	Corynebacterium_diphtheriae	V4V4
Corynebacterium_phoceense/Corynebacterium_striatum	Corynebacterium_phoceense	V4V4
Dorea_A_longicatena/Dorea_A_longicatena_B	Dorea_A_longicatena	V4V4
Erysipelothrix_rhusiopathiae/Erysipelothrix_sp940143175	Erysipelothrix_rhusiopathiae	V4V4
Extibacter_muris/Extibacter_sp001185345	Extibacter_muris	V4V4
Fimousia_sp001940245/Oliverpabstia_sp022764165	Fimousia_sp001940245	V4V4
Finegoldia_magna/Finegoldia_magna_H	Finegoldia_magna	V4V4
Blautia_A_obeum/Fusicatenibacter_saccharivorans/Limivivens_sp900543575	Blautia_A_obeum	V4V4
Fusobacterium_animalis/Fusobacterium_vincentii	Fusobacterium_animalis	V4V4
Fusobacterium_nucleatum/Fusobacterium_polymorphum	Fusobacterium_nucleatum	V4V4
Lachnoclostridium_phytofermentans/Lachnoclostridium_phytofermentans_A	Lachnoclostridium_phytofermentans	V4V4
Lachnospira_eligens/Lachnospira_sp003451515	Lachnospira_eligens	V4V4
Collinsella_sp900549355/Lacticaseibacillus_rhamnosus	Collinsella_sp900549355	V4V4
Lacticaseibacillus_rhamnosus/Staphylococcus_pasteuri	Lacticaseibacillus_rhamnosus	V4V4
Lactobacillus_acidophilus/Lactobacillus_crispatus	Lactobacillus_crispatus	V4V4
Lactobacillus_gasseri/Lactobacillus_paragasseri	Lactobacillus_gasseri	V4V4
Lactococcus_cremoris/Lactococcus_lactis	Lactococcus_cremoris	V4V4
Leptotrichia_buccalis/Leptotrichia_trevisanii	Leptotrichia_buccalis	V4V4
Muribaculum_intestinale/UBA3282_sp910575775	Muribaculum_intestinale	V4V4
Odoribacter_splanchnicus/Tannerella_forsythia	Odoribacter_splanchnicus	V4V4
Pauljensenia_marseillensis/Pauljensenia_sp000758755	Pauljensenia_marseillensis	V4V4
Pediococcus_acidilactici/Pediococcus_claussenii	Pediococcus_acidilactici	V4V4
Porphyromonas_asaccharolytica/Porphyromonas_uenonis	Porphyromonas_asaccharolytica	V4V4
Prevotella_copri/Prevotella_sp900313215	Prevotella_copri	V4V4
Rothia_mucilaginosa/Rothia_sp902373285	Rothia_mucilaginosa	V4V4
Staphylococcus_aureus/Staphylococcus_haemolyticus	Staphylococcus_aureus	V4V4
Nosocomiicoccus_ampullae_A/Staphylococcus_haemolyticus/Staphylococcus_pseudintermedius	Nosocomiicoccus_ampullae_A	V4V4
Nosocomiicoccus_ampullae_A/Staphylococcus_haemolyticus	Nosocomiicoccus_ampullae_A	V4V4
Streptococcus_anginosus/Streptococcus_gordonii	Streptococcus_anginosus	V4V4
Streptococcus_salivarius/Streptococcus_sp001556435/Streptococcus_thermophilus/Streptococcus_vestibularis	Streptococcus_salivarius	V4V4
Malacoplasma_iowae/Ureaplasma_urealyticum	Malacoplasma_iowae	V4V4
Ureaplasma_parvum/Ureaplasma_urealyticum	Ureaplasma_parvum	V4V4
